Date,Name,Year,Letterboxd URI,Rating,Rewatch,Tags,Watched Date
2023-07-31,Oppenheimer,2023,https://boxd.it/4CkWud,4,,,2023-07-24
2023-07-31,Barbie,2023,https://boxd.it/4CkWKv,3.5,,,2023-07-24
2023-07-31,Enemy,2013,https://boxd.it/4CkTJ5,4,,,2023-07-31
2023-08-01,A Quiet Place,2018,https://boxd.it/4CHDiD,3.5,,,2023-08-01
2023-08-02,A Quiet Place Part II,2020,https://boxd.it/4D0Xlb,3.5,,,2023-08-01
2023-08-04,The Northman,2022,https://boxd.it/4DAQmt,3.5,,,2023-08-03
2023-08-05,The Assassination of Jesse James by the Coward Robert Ford,2007,https://boxd.it/4E1Egn,4,,,2023-08-05
2023-09-21,The Irishman,2019,https://boxd.it/4Smr5p,3,,,2023-09-21
2023-09-23,Jarhead,2005,https://boxd.it/4SNlIT,3.5,,,2023-09-22
2023-10-22,Babylon,2022,https://boxd.it/5204tp,3.5,,,2023-10-21
2023-10-23,Children of Men,2006,https://boxd.it/52sCbv,4,,,2023-10-22
2023-10-26,The Gentlemen,2019,https://boxd.it/53qxoz,3,,,2023-10-25
2023-10-27,The Grand Budapest Hotel,2014,https://boxd.it/53FFWJ,4,,,2023-10-26
2023-10-27,Sisu,2022,https://boxd.it/53IZlf,3,,,2023-10-27
2023-10-29,Bronson,2008,https://boxd.it/54m955,3,,,2023-10-28
2023-11-12,Knives Out,2019,https://boxd.it/598qXZ,4,,,2023-11-11
2023-11-13,All Quiet on the Western Front,2022,https://boxd.it/59p4Dx,4,,,2023-11-12
2023-11-14,Jackie Brown,1997,https://boxd.it/59QHKV,3,,,2023-11-13
2023-11-15,End of Watch,2012,https://boxd.it/5a88SL,3.5,,,2023-11-14
2023-11-16,The Killer,2023,https://boxd.it/5amFGr,4,,,2023-11-15
2023-11-20,The Master,2012,https://boxd.it/5bDrs9,4,,,2023-11-19
2023-11-20,Kill Bill: Vol. 1,2003,https://boxd.it/5bHAIj,3.5,,,2023-11-19
2023-11-24,Source Code,2011,https://boxd.it/5cY2aP,3.5,,,2023-11-23
2023-11-25,The Pursuit of Happyness,2006,https://boxd.it/5dfndf,4,,,2023-11-24
2023-11-26,The Pianist,2002,https://boxd.it/5dC6Lb,4.5,,,2023-11-25
2023-11-27,Taken,2008,https://boxd.it/5dYmP3,3.5,,,2023-11-26
2023-12-13,Incendies,2010,https://boxd.it/5jFyG9,4.5,,,2023-12-13
2023-12-14,Gran Torino,2008,https://boxd.it/5jUdWZ,3.5,,,2023-12-13
2023-12-24,Oldboy,2003,https://boxd.it/5nFUdp,4,,,2023-12-23
2023-12-25,2001: A Space Odyssey,1968,https://boxd.it/5omWr5,4,,,2023-12-25
2023-12-25,Gladiator,2000,https://boxd.it/5omWDb,4.5,,,2023-12-25
2023-12-26,Pirates of the Caribbean: The Curse of the Black Pearl,2003,https://boxd.it/5oQpd5,4,,,2023-12-26
2023-12-27,Pirates of the Caribbean: Dead Man's Chest,2006,https://boxd.it/5pqiQL,4,,,2023-12-27
2023-12-28,Pirates of the Caribbean: At World's End,2007,https://boxd.it/5q0Ftn,4,,,2023-12-28
2023-12-29,Pirates of the Caribbean: On Stranger Tides,2011,https://boxd.it/5qz43d,3,,,2023-12-29
2023-12-30,Pirates of the Caribbean: Dead Men Tell No Tales,2017,https://boxd.it/5r7OTd,3,,,2023-12-30
2023-12-31,Alien,1979,https://boxd.it/5s0CfZ,4,,,2023-12-31
2024-01-01,300,2006,https://boxd.it/5siXhX,4.5,,,2024-01-01
2024-01-02,The Machinist,2004,https://boxd.it/5sHuMR,4,,,2024-01-01
2024-01-02,Only God Forgives,2013,https://boxd.it/5sY1kt,2,,,2024-01-02
2024-01-03,1917,2019,https://boxd.it/5tCUaX,4,,,2024-01-03
2024-01-07,Ready or Not,2019,https://boxd.it/5wgXJ5,3.5,,,2024-01-07
2024-01-10,A Ghost Story,2017,https://boxd.it/5y5YNX,4,,,2024-01-09
2024-01-11,Yannick,2023,https://boxd.it/5yFbUR,4,,,2024-01-10
2024-01-11,Room,2015,https://boxd.it/5yLgd1,4.5,,,2024-01-11
2024-01-12,Gravity,2013,https://boxd.it/5z9rpZ,3.5,,,2024-01-11
2024-01-13,The Lighthouse,2019,https://boxd.it/5zE74J,4,,,2024-01-12
2024-01-14,"The French Dispatch of the Liberty, Kansas Evening Sun",2021,https://boxd.it/5A6Yrn,3,,,2024-01-13
2024-01-14,The Father,2020,https://boxd.it/5AeT5x,3.5,,,2024-01-13
2024-01-15,Society of the Snow,2023,https://boxd.it/5AUoIx,4.5,,,2024-01-14
2024-01-16,Spider-Man,2002,https://boxd.it/5Byxc1,3.5,,,2024-01-15
2024-01-17,Spider-Man 2,2004,https://boxd.it/5C0j31,4,,,2024-01-16
2024-01-18,Spider-Man 3,2007,https://boxd.it/5CvE0p,3,,,2024-01-17
2024-01-20,The Amazing Spider-Man,2012,https://boxd.it/5DfhUr,3,,,2024-01-19
2024-01-20,The Amazing Spider-Man 2,2014,https://boxd.it/5DvkOX,2.5,,,2024-01-20
2024-01-21,City of God,2002,https://boxd.it/5DOSKN,4.5,,,2024-01-20
2024-01-22,Lady Bird,2017,https://boxd.it/5EqMkF,3,,,2024-01-21
2024-01-22,The Silence of the Lambs,1991,https://boxd.it/5EwBkV,4.5,,,2024-01-21
2024-01-23,Forrest Gump,1994,https://boxd.it/5F40vP,4.5,,,2024-01-22
2024-01-24,Memories of Murder,2003,https://boxd.it/5FwcNH,4,,,2024-01-23
2024-01-25,The Shining,1980,https://boxd.it/5FYLOL,3.5,,,2024-01-24
2024-01-26,Black Swan,2010,https://boxd.it/5GpvBP,4.5,,,2024-01-25
2024-01-27,Jojo Rabbit,2019,https://boxd.it/5GXgkR,4,,,2024-01-27
2024-01-28,Hannibal,2001,https://boxd.it/5HpqCH,3.5,,,2024-01-27
2024-01-29,Good Time,2017,https://boxd.it/5I14vF,4,,,2024-01-28
2024-01-30,Napoleon,2023,https://boxd.it/5Izrlh,3.5,,,2024-01-29
2024-01-31,The Hunt,2012,https://boxd.it/5J0Gmt,4.5,,,2024-01-30
2024-02-01,Requiem for a Dream,2000,https://boxd.it/5JsMv3,4,,,2024-01-31
2024-02-02,Panic Room,2002,https://boxd.it/5JSyJn,4,,,2024-02-01
2024-02-03,The Green Mile,1999,https://boxd.it/5KjO5d,4.5,,,2024-02-02
2024-02-04,Another Round,2020,https://boxd.it/5KMdU7,3.5,,,2024-02-03
2024-02-05,Collateral,2004,https://boxd.it/5LkNI5,4,,,2024-02-04
2024-02-06,Riders of Justice,2020,https://boxd.it/5LUnIl,3.5,,,2024-02-05
2024-02-07,Donnie Brasco,1997,https://boxd.it/5MeZSt,3.5,,,2024-02-06
2024-02-08,Killers of the Flower Moon,2023,https://boxd.it/5MFiBt,4,,,2024-02-07
2024-02-09,Swiss Army Man,2016,https://boxd.it/5N2zH5,3,,,2024-02-08
2024-02-10,The Insider,1999,https://boxd.it/5NsGZn,4,,,2024-02-09
2024-02-12,Gangster Squad,2013,https://boxd.it/5OmCy5,3,,,2024-02-11
2024-02-12,Moonlight,2016,https://boxd.it/5OrDmz,4,,,2024-02-11
2024-02-13,The Game,1997,https://boxd.it/5OSZpT,4,,,2024-02-12
2024-02-14,Manhunter,1986,https://boxd.it/5PjGSr,3.5,,,2024-02-13
2024-02-15,Glass Onion,2022,https://boxd.it/5PJ1c7,3.5,,,2024-02-14
2024-02-16,Jurassic Park,1993,https://boxd.it/5QflBl,4,,,2024-02-16
2024-02-17,The Lost World: Jurassic Park,1997,https://boxd.it/5QGsMJ,2.5,,,2024-02-17
2024-02-18,Jurassic Park III,2001,https://boxd.it/5RbJyr,3,,,2024-02-18
2024-02-19,Jurassic World,2015,https://boxd.it/5RDY85,3.5,,,2024-02-18
2024-02-20,Jurassic World: Fallen Kingdom,2018,https://boxd.it/5SbstX,3,,,2024-02-19
2024-02-21,Jurassic World Dominion,2022,https://boxd.it/5SDSiH,2.5,,,2024-02-20
2024-02-22,The Aviator,2004,https://boxd.it/5T7ZP9,4,,,2024-02-22
2024-02-23,Us,2019,https://boxd.it/5TsHT5,3.5,,,2024-02-22
2024-02-24,The Tree of Life,2011,https://boxd.it/5TRNf1,4,,,2024-02-23
2024-02-25,Insomnia,2002,https://boxd.it/5Ukb1D,3.5,,,2024-02-24
2024-02-26,Gangs of New York,2002,https://boxd.it/5V00Il,3.5,,,2024-02-26
2024-02-27,Miami Vice,2006,https://boxd.it/5VtCtL,3.5,,,2024-02-27
2024-02-28,All Your Faces,2023,https://boxd.it/5VNxZx,4.5,,,2024-02-27
2024-02-29,Cruella,2021,https://boxd.it/5WdoWh,3.5,,,2024-02-28
2024-03-01,Junkyard Dog,2023,https://boxd.it/5WBEPT,3.5,,,2024-02-29
2024-03-02,Thief,1981,https://boxd.it/5X1Ggt,3.5,,,2024-03-01
2024-03-03,Hostiles,2017,https://boxd.it/5Xy9Nl,3.5,,,2024-03-02
2024-03-04,Shot Caller,2017,https://boxd.it/5Y8WkT,4,,,2024-03-03
2024-03-04,Alien,1979,https://boxd.it/5YdRLv,4.5,Yes,,2024-03-03
2024-03-05,Don't Look Up,2021,https://boxd.it/5YIcHT,3,,,2024-03-04
2024-03-06,Uncut Gems,2019,https://boxd.it/5Z8l5V,3.5,,,2024-03-05
2024-03-07,Rocky,1976,https://boxd.it/5ZyahD,4,,,2024-03-06
2024-03-08,Rocky II,1979,https://boxd.it/5ZWOSx,4,,,2024-03-07
2024-03-10,Rocky III,1982,https://boxd.it/60MJsN,3.5,,,2024-03-08
2024-03-10,Once Upon a Time in America,1984,https://boxd.it/610R3p,4.5,,,2024-03-10
2024-03-11,Rocky IV,1985,https://boxd.it/61tk2V,3,,,2024-03-10
2024-03-12,Rocky V,1990,https://boxd.it/61ZyYX,3,,,2024-03-11
2024-03-13,Rocky Balboa,2006,https://boxd.it/62qzdR,3.5,,,2024-03-12
2024-03-14,Creed,2015,https://boxd.it/62QmiB,4,,,2024-03-13
2024-03-15,Creed II,2018,https://boxd.it/63fgvf,3.5,,,2024-03-14
2024-03-16,Creed III,2023,https://boxd.it/63EsRR,3.5,,,2024-03-15
2024-03-17,Pacific Rim,2013,https://boxd.it/64ajIP,3.5,,,2024-03-16
2024-03-18,Babel,2006,https://boxd.it/64K67t,3,,,2024-03-17
2024-03-19,Argo,2012,https://boxd.it/65f2pb,3.5,,,2024-03-18
2024-03-20,The Guilty,2021,https://boxd.it/65FqtD,3.5,,,2024-03-19
2024-03-23,Ford v Ferrari,2019,https://boxd.it/66Rd3Z,4.5,,,2024-03-22
2024-03-24,Saving Private Ryan,1998,https://boxd.it/67rolx,4,,,2024-03-24
2024-03-25,Beau Is Afraid,2023,https://boxd.it/682zz5,3.5,,,2024-03-25
2024-03-26,A Hidden Life,2019,https://boxd.it/68vQ2P,4,,,2024-03-26
2024-03-27,Ex Machina,2015,https://boxd.it/68RbYH,4,,,2024-03-26
2024-03-28,Road House,2024,https://boxd.it/69h51L,3,,,2024-03-27
2024-03-29,The Big Lebowski,1998,https://boxd.it/69GeXz,3.5,,,2024-03-28
2024-03-30,Poor Things,2023,https://boxd.it/6acpRB,4,,,2024-03-29
2024-03-31,Unbroken,2014,https://boxd.it/6aIiPH,3.5,,,2024-03-30
2024-04-01,The Imitation Game,2014,https://boxd.it/6bfvRH,4,,,2024-03-31
2024-04-02,Dallas Buyers Club,2013,https://boxd.it/6bP6Kt,4,,,2024-04-01
2024-04-03,Nope,2022,https://boxd.it/6chxl7,3.5,,,2024-04-02
2024-04-04,The Witch,2015,https://boxd.it/6cMI3l,3,,,2024-04-04
2024-04-05,Finch,2021,https://boxd.it/6d6Iwd,3.5,,,2024-04-04
2024-04-06,The Girl with the Dragon Tattoo,2011,https://boxd.it/6dveq5,4,,,2024-04-05
2024-04-07,Harry Potter and the Philosopher's Stone,2001,https://boxd.it/6dXqt7,4,,,2024-04-06
2024-04-08,Harry Potter and the Chamber of Secrets,2002,https://boxd.it/6eudEH,3.5,,,2024-04-07
2024-04-09,Harry Potter and the Prisoner of Azkaban,2004,https://boxd.it/6eWLFP,4.5,,,2024-04-08
2024-04-10,Harry Potter and the Goblet of Fire,2005,https://boxd.it/6foBB5,3.5,,,2024-04-10
2024-04-11,Harry Potter and the Order of the Phoenix,2007,https://boxd.it/6fGwBl,4,,,2024-04-10
2024-04-12,Harry Potter and the Half-Blood Prince,2009,https://boxd.it/6g2gZP,3.5,,,2024-04-11
2024-04-13,Harry Potter and the Deathly Hallows: Part 1,2010,https://boxd.it/6goxdH,3.5,,,2024-04-12
2024-04-14,Harry Potter and the Deathly Hallows: Part 2,2011,https://boxd.it/6gNtNr,4,,,2024-04-13
2024-04-16,Ferrari,2023,https://boxd.it/6hGpEb,3,,,2024-04-14
2024-04-16,The Wolf's Call,2019,https://boxd.it/6hIKsf,4,,,2024-04-15
2024-04-17,Don't Be a Menace to South Central While Drinking Your Juice in the Hood,1996,https://boxd.it/6i4Zrv,3,,,2024-04-16
2024-04-18,The Thin Red Line,1998,https://boxd.it/6iqrLF,4.5,,,2024-04-17
2024-04-19,The Creator,2023,https://boxd.it/6iK1fD,3.5,,,2024-04-18
2024-04-20,Nocturnal Animals,2016,https://boxd.it/6j649n,4,,,2024-04-19
2024-04-21,Kill Bill: Vol. 2,2004,https://boxd.it/6juHa3,3.5,,,2024-04-20
2024-04-22,The Wonderful Story of Henry Sugar,2023,https://boxd.it/6jW4Zx,3.5,,,2024-04-21
2024-04-23,The Boy in the Striped Pyjamas,2008,https://boxd.it/6koTVR,4.5,,,2024-04-22
2024-04-24,Don't Breathe,2016,https://boxd.it/6kMq1N,3.5,,,2024-04-23
2024-04-25,Don't Breathe 2,2021,https://boxd.it/6l70x1,3,,,2024-04-24
2024-04-26,28 Days Later,2002,https://boxd.it/6ltMxR,4,,,2024-04-25
2024-04-27,28 Weeks Later,2007,https://boxd.it/6lPIuj,3,,,2024-04-26
2024-04-28,Twelve Monkeys,1995,https://boxd.it/6mgl8N,3.5,,,2024-04-27
2024-04-29,Nightmare Alley,2021,https://boxd.it/6mNsm9,3,,,2024-04-28
2024-04-30,Monkey Man,2024,https://boxd.it/6ngNGR,4,,,2024-04-29
2024-05-01,The Mist,2007,https://boxd.it/6nE7bP,3,,,2024-04-30
2024-05-02,Fantastic Mr. Fox,2009,https://boxd.it/6o3ZvT,4,,,2024-05-01
2024-05-03,Edge of Tomorrow,2014,https://boxd.it/6ouTVl,3.5,,,2024-05-02
2024-05-04,The Road,2009,https://boxd.it/6oT8Jn,4,,,2024-05-03
2024-05-05,Irreversible,2002,https://boxd.it/6pl5Ft,3.5,,,2024-05-04
2024-05-05,Lucy,2014,https://boxd.it/6ps6Ob,2.5,,,2024-05-05
2024-05-06,Papillon,2017,https://boxd.it/6pTznx,3.5,,,2024-05-05
2024-05-07,Lion,2016,https://boxd.it/6qoVJR,4,,,2024-05-06
2024-05-08,10 Cloverfield Lane,2016,https://boxd.it/6qLYU5,3.5,,,2024-05-07
2024-05-09,Extraction,2020,https://boxd.it/6r9NJN,3,,,2024-05-08
2024-05-10,Extraction 2,2023,https://boxd.it/6rHa1v,3.5,,,2024-05-10
2024-05-11,Saw,2004,https://boxd.it/6rQcof,4,,,2024-05-10
2024-05-11,Saw II,2005,https://boxd.it/6rWR1X,3,,,2024-05-11
2024-05-12,Saw III,2006,https://boxd.it/6slLXL,2.5,,,2024-05-12
2024-05-13,Saw IV,2007,https://boxd.it/6sLLoj,2.5,,,2024-05-13
2024-05-17,Saw V,2008,https://boxd.it/6u9qct,2.5,,,2024-05-14
2024-05-17,Saw VI,2009,https://boxd.it/6uaKhl,3,,,2024-05-16
2024-05-18,Saw 3D,2010,https://boxd.it/6utm2p,2,,,2024-05-17
2024-05-18,Jigsaw,2017,https://boxd.it/6uvue3,2,,,2024-05-17
2024-05-19,Spiral: From the Book of Saw,2021,https://boxd.it/6uUUu7,1.5,,,2024-05-18
2024-05-20,Saw X,2023,https://boxd.it/6vn99f,3,,,2024-05-19
2024-05-21,American Gangster,2007,https://boxd.it/6vR3Ij,3.5,,,2024-05-20
2024-05-22,Aftersun,2022,https://boxd.it/6wez3N,5,,,2024-05-21
2024-05-23,The Pale Blue Eye,2022,https://boxd.it/6wC0iL,3,,,2024-05-22
2024-05-24,Final Destination,2000,https://boxd.it/6wYEQd,3,,,2024-05-23
2024-05-25,Death Proof,2007,https://boxd.it/6xnro1,3.5,,,2024-05-24
2024-05-26,White Boy Rick,2018,https://boxd.it/6xNV9n,3.5,,,2024-05-25
2024-05-27,Million Dollar Baby,2004,https://boxd.it/6yimnV,4,,,2024-05-26
2024-05-28,Her,2013,https://boxd.it/6yMTh7,3.5,,,2024-05-27
2024-05-29,Snatch,2000,https://boxd.it/6zcSYB,3.5,,,2024-05-28
2024-05-30,Talk to Me,2022,https://boxd.it/6zAt2v,3.5,,,2024-05-29
2024-05-31,The Fall Guy,2024,https://boxd.it/6zZ9DV,3.5,,,2024-05-30
2024-06-01,The Terminator,1984,https://boxd.it/6AmrnH,4,,,2024-05-31
2024-06-02,Unthinkable,2010,https://boxd.it/6AOE1F,3,,,2024-06-01
2024-06-03,Terminator 2: Judgment Day,1991,https://boxd.it/6BfQ3x,4.5,,,2024-06-02
2024-06-04,Terminator 3: Rise of the Machines,2003,https://boxd.it/6BIX7z,3,,,2024-06-03
2024-06-05,Terminator Salvation,2009,https://boxd.it/6C5DW9,3.5,,,2024-06-04
2024-06-06,Terminator Genisys,2015,https://boxd.it/6CrYxN,2.5,,,2024-06-05
2024-06-08,Terminator: Dark Fate,2019,https://boxd.it/6Dalnz,3,,,2024-06-07
2024-06-09,Suspiria,1977,https://boxd.it/6DFEzL,4,,,2024-06-09
2024-06-10,Civil War,2024,https://boxd.it/6E4Ehn,3.5,,,2024-06-09
2024-06-11,Amélie,2001,https://boxd.it/6EvbZ5,4.5,,,2024-06-10
2024-06-12,The Holdovers,2023,https://boxd.it/6EU36r,4,,,2024-06-11
2024-06-13,I Saw the Devil,2010,https://boxd.it/6FhggZ,4,,,2024-06-12
2024-06-14,V for Vendetta,2005,https://boxd.it/6FCwQr,4.5,,,2024-06-13
2024-06-15,Little Miss Sunshine,2006,https://boxd.it/6FYf8V,4.5,,,2024-06-14
2024-06-16,Demolition,2015,https://boxd.it/6GkUZb,3.5,,,2024-06-15
2024-06-17,Public Enemies,2009,https://boxd.it/6GO6xB,3.5,,,2024-06-16
2024-06-18,The Iron Claw,2023,https://boxd.it/6Hen2d,4,,,2024-06-17
2024-06-19,Challengers,2024,https://boxd.it/6HB0Q1,4,,,2024-06-18
2024-06-20,12 Years a Slave,2013,https://boxd.it/6HXJ3d,4,,,2024-06-19
2024-06-21,Captain Fantastic,2016,https://boxd.it/6Ilv6Z,4.5,,,2024-06-20
2024-06-22,The Whale,2022,https://boxd.it/6IHoeV,4.5,,,2024-06-21
2024-06-23,A Man Called Otto,2022,https://boxd.it/6J7oIN,3.5,,,2024-06-22
2024-06-25,Munich,2005,https://boxd.it/6K2iU3,3.5,,,2024-06-24
2024-06-26,Mad Max: Fury Road,2015,https://boxd.it/6KovSD,5,,,2024-06-25
2024-06-27,Furiosa: A Mad Max Saga,2024,https://boxd.it/6KLqUl,4.5,,,2024-06-26
2024-06-28,The Maze Runner,2014,https://boxd.it/6L6qOJ,3.5,,,2024-06-27
2024-06-29,Maze Runner: The Scorch Trials,2015,https://boxd.it/6LtbP9,2.5,,,2024-06-28
2024-06-30,Maze Runner: The Death Cure,2018,https://boxd.it/6LRTlb,2,,,2024-06-29
2024-07-01,Now Where Did the Seventh Company Get to?,1973,https://boxd.it/6Mm3dV,3.5,,,2024-06-30
2024-07-01,The Seventh Company Has Been Found,1975,https://boxd.it/6Mm3pn,4,,,2024-06-30
2024-07-01,The Seventh Company Outdoors,1977,https://boxd.it/6Mp3cT,3.5,,,2024-07-01
2024-07-02,American Sniper,2014,https://boxd.it/6MLouX,3.5,,,2024-07-01
2024-07-03,The Intouchables,2011,https://boxd.it/6NabbX,4,,,2024-07-02
2024-07-04,mother!,2017,https://boxd.it/6NytMb,4,,,2024-07-03
2024-07-05,The Equalizer 3,2023,https://boxd.it/6NZKRr,4,,,2024-07-04
2024-07-06,The Book of Eli,2010,https://boxd.it/6Oo1Ed,3.5,,,2024-07-05
2024-07-08,Scream,1996,https://boxd.it/6PiUIB,4,,,2024-07-07
2024-07-20,"I, Tonya",2017,https://boxd.it/6UD0N3,3.5,,,2024-07-08
2024-07-09,Scream 2,1997,https://boxd.it/6Q5qLD,3.5,,,2024-07-09
2024-07-10,Scream 3,2000,https://boxd.it/6QfUJR,2.5,,,2024-07-09
2024-07-11,Scream 4,2011,https://boxd.it/6QFZNV,3,,,2024-07-10
2024-07-12,Scream,2022,https://boxd.it/6Rie01,2.5,,,2024-07-12
2024-07-13,Scream VI,2023,https://boxd.it/6RtVmV,2,,,2024-07-12
2024-07-14,Rise of the Planet of the Apes,2011,https://boxd.it/6RY2W7,4,,,2024-07-13
2024-07-15,Dawn of the Planet of the Apes,2014,https://boxd.it/6StU8d,4,,,2024-07-14
2024-07-16,War for the Planet of the Apes,2017,https://boxd.it/6SWxUr,4,,,2024-07-15
2024-07-17,Kingdom of the Planet of the Apes,2024,https://boxd.it/6TogDz,4,,,2024-07-16
2024-07-18,The Bikeriders,2023,https://boxd.it/6TPuWJ,3.5,,,2024-07-17
2024-07-19,It Follows,2014,https://boxd.it/6Ugwg5,3.5,,,2024-07-18
2024-07-20,"O Brother, Where Art Thou?",2000,https://boxd.it/6UFFRT,3.5,,,2024-07-19
2024-07-21,The Zone of Interest,2023,https://boxd.it/6V6Kbd,3.5,,,2024-07-20
2024-07-22,Primal Fear,1996,https://boxd.it/6VEowB,4,,,2024-07-21
2024-07-23,Killing Them Softly,2012,https://boxd.it/6W74uD,3.5,,,2024-07-22
2024-07-24,[REC],2007,https://boxd.it/6WA5BD,3,,,2024-07-23
2024-07-25,Sin City,2005,https://boxd.it/6X1QIv,4,,,2024-07-24
2024-07-26,Mystic River,2003,https://boxd.it/6XtCDd,4,,,2024-07-25
2024-07-27,Kingdom of Heaven,2005,https://boxd.it/6XZ0Uf,4,,,2024-07-26
2024-07-28,The Florida Project,2017,https://boxd.it/6Yo1Pl,4,,,2024-07-27
2024-07-29,Cast Away,2000,https://boxd.it/6YSh1r,4,,,2024-07-28
2024-07-30,World War Z,2013,https://boxd.it/6ZnOhf,3,,,2024-07-29
2024-07-31,It,2017,https://boxd.it/6ZMvgH,3.5,,,2024-07-30
2024-08-01,Good Will Hunting,1997,https://boxd.it/70bhbD,4.5,,,2024-07-31
2024-08-02,Cloverfield,2008,https://boxd.it/70yUif,3,,,2024-08-01
2024-08-03,Lost in Translation,2003,https://boxd.it/71gmit,3.5,,,2024-08-03
2024-08-04,Into the Wild,2007,https://boxd.it/71qp11,4,,,2024-08-03
2024-08-05,The Town,2010,https://boxd.it/71Usbj,3.5,,,2024-08-04
2024-08-06,Dog Pound,2010,https://boxd.it/72npab,3.5,,,2024-08-05
2024-08-07,The World Is Yours,2018,https://boxd.it/72OacP,3.5,,,2024-08-06
2024-08-08,Dogtooth,2009,https://boxd.it/73bY7B,2,,,2024-08-07
2024-08-09,X,2022,https://boxd.it/73BkUv,3,,,2024-08-08
2024-08-10,Pearl,2022,https://boxd.it/740nlX,3,,,2024-08-09
2024-08-11,MaXXXine,2024,https://boxd.it/74rsFH,3.5,,,2024-08-10
2024-08-12,Ad Astra,2019,https://boxd.it/74WTON,3.5,,,2024-08-11
2024-08-14,Asteroid City,2023,https://boxd.it/75RcWt,3,,,2024-08-12
2024-08-14,Climax,2018,https://boxd.it/75Rj49,3,,,2024-08-13
2024-08-15,Hereditary,2018,https://boxd.it/76hIDF,3.5,,,2024-08-14
2024-08-16,Saltburn,2023,https://boxd.it/76IuON,3.5,,,2024-08-15
2024-08-17,The Fabelmans,2022,https://boxd.it/77ahUp,4.5,,,2024-08-16
2024-08-18,Dune,2021,https://boxd.it/77EZHp,3.5,Yes,,2024-08-17
2024-08-19,Dune: Part Two,2024,https://boxd.it/78ckVt,4,,,2024-08-18
2024-08-20,The Animal Kingdom,2023,https://boxd.it/78HkiX,3.5,,,2024-08-19
2024-08-21,Okja,2017,https://boxd.it/798bI7,3.5,,,2024-08-20
2024-08-22,Warrior,2011,https://boxd.it/79A8ql,4,,,2024-08-21
2024-08-23,Cure,1997,https://boxd.it/79Z9pX,3.5,,,2024-08-22
2024-08-24,The Usual Suspects,1995,https://boxd.it/7aoDfj,4,,,2024-08-23
2024-08-25,The Others,2001,https://boxd.it/7aUtr9,4,,,2024-08-24
2024-08-26,A Prophet,2009,https://boxd.it/7brtb7,4,,,2024-08-25
2024-08-27,A Quiet Place: Day One,2024,https://boxd.it/7bY3TX,3,,,2024-08-26
2024-08-28,Minority Report,2002,https://boxd.it/7cqhOj,4,,,2024-08-27
2024-08-29,Train to Busan,2016,https://boxd.it/7cPlCr,4,,,2024-08-28
2024-08-30,Inside Llewyn Davis,2013,https://boxd.it/7duz1L,3.5,,,2024-08-30
2024-08-31,Longlegs,2024,https://boxd.it/7dDI9d,3,,,2024-08-30
2024-09-01,Fargo,1996,https://boxd.it/7e6UeR,3.5,,,2024-08-31
2024-09-02,The Curious Case of Benjamin Button,2008,https://boxd.it/7eF07b,4,,,2024-09-01
2024-09-03,Rush,2013,https://boxd.it/7fczQ7,3.5,,,2024-09-02
2024-09-04,Buried,2010,https://boxd.it/7fEOGR,3,,,2024-09-03
2024-09-05,Kinds of Kindness,2024,https://boxd.it/7g8JQn,3,,,2024-09-04
2024-09-07,Twisters,2024,https://boxd.it/7gRQSP,3,,,2024-09-06
2024-09-08,La Haine,1995,https://boxd.it/7hfIZ7,4,,,2024-09-07
2024-09-08,Vice,2018,https://boxd.it/7hlAAP,3.5,,,2024-09-07
2024-09-09,The Green Knight,2021,https://boxd.it/7hTdfx,3.5,,,2024-09-08
2024-09-10,The Fast and the Furious,2001,https://boxd.it/7ioqGj,3.5,,,2024-09-09
2024-09-11,2 Fast 2 Furious,2003,https://boxd.it/7iNzgJ,3,,,2024-09-10
2024-09-12,The Fast and the Furious: Tokyo Drift,2006,https://boxd.it/7jbkbx,3,,,2024-09-11
2024-09-13,Fast & Furious,2009,https://boxd.it/7jyMyP,3,,,2024-09-12
2024-09-14,Fast Five,2011,https://boxd.it/7jVOQH,3.5,,,2024-09-13
2024-09-15,Fast & Furious 6,2013,https://boxd.it/7krlK5,3.5,,,2024-09-14
2024-09-16,Furious 7,2015,https://boxd.it/7l5CRH,3,,,2024-09-15
2024-09-17,The Fate of the Furious,2017,https://boxd.it/7lukJl,2.5,,,2024-09-16
2024-09-18,Fast & Furious Presents: Hobbs & Shaw,2019,https://boxd.it/7lUehx,2,,,2024-09-17
2024-09-19,F9,2021,https://boxd.it/7mi6IN,2,,,2024-09-18
2024-09-21,Fast X,2023,https://boxd.it/7n0Btn,2.5,,,2024-09-19
2024-09-21,Lord of War,2005,https://boxd.it/7n4ceb,3.5,,,2024-09-20
2024-09-22,Serpico,1973,https://boxd.it/7nEGzv,3.5,,,2024-09-21
2024-09-23,Anatomy of a Fall,2023,https://boxd.it/7o3J6r,4,,,2024-09-22
2024-09-24,Predestination,2014,https://boxd.it/7ox7aP,4,,,2024-09-23
2024-09-25,Moon,2009,https://boxd.it/7oVuQH,3.5,,,2024-09-24
2024-09-26,Trap,2024,https://boxd.it/7pjacl,3,,,2024-09-25
2024-09-28,Raiders of the Lost Ark,1981,https://boxd.it/7q6fb1,4,,,2024-09-27
2024-09-29,Indiana Jones and the Temple of Doom,1984,https://boxd.it/7qyg9h,3.5,,,2024-09-28
2024-09-30,Indiana Jones and the Last Crusade,1989,https://boxd.it/7r5Ha3,3.5,,,2024-09-29
2024-09-30,Indiana Jones and the Kingdom of the Crystal Skull,2008,https://boxd.it/7rdb7n,3,,,2024-09-30
2024-10-01,Indiana Jones and the Dial of Destiny,2023,https://boxd.it/7rANdf,2.5,,,2024-09-30
2024-10-02,In a Violent Nature,2024,https://boxd.it/7s2UHH,2.5,,,2024-10-01
2024-10-03,Fallen Angels,1995,https://boxd.it/7sr3BL,4,,,2024-10-02
2024-10-05,The Black Phone,2021,https://boxd.it/7thb45,4,,,2024-10-04
2024-10-07,The Killing of a Sacred Deer,2017,https://boxd.it/7upjhL,3.5,,,2024-10-06
2024-10-09,Pawn Sacrifice,2014,https://boxd.it/7vpCFB,4,,,2024-10-08
2024-10-10,Top Gun,1986,https://boxd.it/7vQe2z,4,,,2024-10-09
2024-10-11,Top Gun: Maverick,2022,https://boxd.it/7wgOWl,4,,,2024-10-10
2024-10-11,You Were Never Really Here,2017,https://boxd.it/7wm9zR,3.5,,,2024-10-11
2024-10-12,Life,2017,https://boxd.it/7wHJmh,3,,,2024-10-11
2024-10-12,The Platform,2019,https://boxd.it/7wNpad,3.5,,,2024-10-12
2024-10-13,The Platform 2,2024,https://boxd.it/7xdlRT,2.5,,,2024-10-12
2024-10-14,Captain Phillips,2013,https://boxd.it/7xR2E7,4,,,2024-10-13
2024-10-15,Jaws,1975,https://boxd.it/7yuvxd,4,,,2024-10-15
2024-10-16,Psycho,1960,https://boxd.it/7yUrxZ,4,,,2024-10-15
2024-10-17,Snowpiercer,2013,https://boxd.it/7znAw5,4,,,2024-10-16
2024-10-18,Last Night in Soho,2021,https://boxd.it/7zODFj,4,,,2024-10-17
2024-10-19,The Visitors,1993,https://boxd.it/7Af9Kn,3,,,2024-10-18
2024-10-20,Eternal Sunshine of the Spotless Mind,2004,https://boxd.it/7ALIz9,4.5,,,2024-10-19
2024-10-21,The Lord of the Rings: The Fellowship of the Ring,2001,https://boxd.it/7Buf5f,4.5,,,2024-10-20
2024-10-22,The Lord of the Rings: The Two Towers,2002,https://boxd.it/7C6gGH,4.5,,,2024-10-22
2024-10-23,The Lord of the Rings: The Return of the King,2003,https://boxd.it/7Cy2iH,4.5,,,2024-10-22
2024-10-24,The Hobbit: An Unexpected Journey,2012,https://boxd.it/7CXI51,3.5,,,2024-10-23
2024-10-25,The Hobbit: The Desolation of Smaug,2013,https://boxd.it/7DqWwj,3,,,2024-10-24
2024-10-26,The Hobbit: The Battle of the Five Armies,2014,https://boxd.it/7DSTqX,3,,,2024-10-25
2024-10-27,Dead Poets Society,1989,https://boxd.it/7EoRJ3,4,,,2024-10-26
2024-10-28,Mulholland Drive,2001,https://boxd.it/7F31Mh,4,,,2024-10-27
2024-10-29,The Substance,2024,https://boxd.it/7FDIih,4,,,2024-10-28
2024-10-30,Speak No Evil,2022,https://boxd.it/7G5OfJ,3.5,,,2024-10-29
2024-10-31,Infested,2023,https://boxd.it/7GB1PR,3.5,,,2024-10-30
2024-11-01,The Conjuring,2013,https://boxd.it/7H6FpL,4,,,2024-10-31
2024-11-02,Come and See,1985,https://boxd.it/7HDZgl,4.5,,,2024-11-01
2024-11-03,Aliens,1986,https://boxd.it/7Ig1lj,4,,,2024-11-02
2024-11-04,Alien³,1992,https://boxd.it/7ISBAv,2.5,,,2024-11-03
2024-11-06,Alien Resurrection,1997,https://boxd.it/7JPP2P,2.5,,,2024-11-05
2024-11-06,Prometheus,2012,https://boxd.it/7JSqj3,3,,,2024-11-05
2024-11-07,Alien: Covenant,2017,https://boxd.it/7KgXqz,3,,,2024-11-06
2024-11-08,Alien: Romulus,2024,https://boxd.it/7KFyG3,4,,,2024-11-07
2024-11-09,The Beasts,2022,https://boxd.it/7L9QDL,4,,,2024-11-08
2024-11-10,Joker,2019,https://boxd.it/7LMu8J,4,,,2024-11-09
2024-11-10,Joker: Folie à Deux,2024,https://boxd.it/7LMwLj,3,,,2024-11-10
2024-11-12,Everything Everywhere All at Once,2022,https://boxd.it/7MFniR,3.5,,,2024-11-11
2024-11-12,Barbarian,2022,https://boxd.it/7MRrnZ,3.5,,,2024-11-11
2024-11-13,The Handmaiden,2016,https://boxd.it/7NleVf,4.5,,,2024-11-12
2024-11-14,Eyes Wide Shut,1999,https://boxd.it/7NMXNT,4,,,2024-11-13
2024-11-15,Deadpool & Wolverine,2024,https://boxd.it/7OdklF,3,,,2024-11-14
2024-11-17,Blood Diamond,2006,https://boxd.it/7OZIoT,3.5,,,2024-11-15
2024-11-17,Awakenings,1990,https://boxd.it/7PbzN5,4.5,,,2024-11-16
2024-11-18,A Clockwork Orange,1971,https://boxd.it/7POCWd,3,,,2024-11-17
2024-11-19,"Paris, Texas",1984,https://boxd.it/7QnxB5,3.5,,,2024-11-18
2024-11-20,Green Book,2018,https://boxd.it/7QOLJh,4,,,2024-11-19
2024-11-21,The Count of Monte Cristo,2024,https://boxd.it/7RhyoN,4,,,2024-11-20
2024-11-22,Silence,2016,https://boxd.it/7RILw5,3.5,,,2024-11-21
2024-11-23,Past Lives,2023,https://boxd.it/7SakSz,3.5,,,2024-11-22
2024-11-24,Shoplifters,2018,https://boxd.it/7SHinZ,4.5,,,2024-11-23
2024-11-25,The Godfather,1972,https://boxd.it/7TltRh,4.5,,,2024-11-24
2024-11-26,The Godfather Part II,1974,https://boxd.it/7TVlhx,4.5,,,2024-11-25
2024-11-27,The Godfather Part III,1990,https://boxd.it/7UmBJV,4,,,2024-11-26
2024-11-28,Dog Day Afternoon,1975,https://boxd.it/7UOyit,4,,,2024-11-27
2024-11-29,Life Is Beautiful,1997,https://boxd.it/7VgoFX,4.5,,,2024-11-28
2024-11-30,Love Lies Bleeding,2024,https://boxd.it/7VJEMt,3.5,,,2024-11-29
2024-12-01,Inside Man,2006,https://boxd.it/7WiNsH,4,,,2024-11-30
2024-12-02,American Beauty,1999,https://boxd.it/7WVNS9,4,,,2024-12-01
2024-12-03,A Most Violent Year,2014,https://boxd.it/7XuwmF,3.5,,,2024-12-02
2024-12-04,Megalopolis,2024,https://boxd.it/7XVA7D,3.5,,,2024-12-03
2024-12-05,Shame,2011,https://boxd.it/7YkZXz,4,,,2024-12-04
2024-12-06,Conclave,2024,https://boxd.it/7YLD89,4,,,2024-12-05
2024-12-07,The Favourite,2018,https://boxd.it/7ZcdYH,4,,,2024-12-06
2024-12-08,Juror #2,2024,https://boxd.it/7ZQeRn,4,,,2024-12-08
2024-12-09,The Lobster,2015,https://boxd.it/80jfjJ,4,,,2024-12-08
2024-12-10,Night at the Museum,2006,https://boxd.it/80R7CV,3.5,,,2024-12-09
2024-12-11,Night at the Museum: Battle of the Smithsonian,2009,https://boxd.it/81juA5,3,,,2024-12-10
2024-12-12,Night at the Museum: Secret of the Tomb,2014,https://boxd.it/81MikH,2.5,,,2024-12-11
2024-12-13,The Chorus,2004,https://boxd.it/82ge0D,4,,,2024-12-12
2024-12-14,Army of Shadows,1969,https://boxd.it/82I6gJ,4,,,2024-12-13
2024-12-15,Little Women,2019,https://boxd.it/83oSaj,4,,,2024-12-15
2024-12-16,Call Me by Your Name,2017,https://boxd.it/83T1Ed,3.5,,,2024-12-15
2024-12-17,Raw,2016,https://boxd.it/84sacn,3,,,2024-12-16
2024-12-18,Stalker,1979,https://boxd.it/850ibZ,3.5,,,2024-12-17
2024-12-19,Minari,2020,https://boxd.it/85vOo9,4,,,2024-12-18
2024-12-20,Dream Scenario,2023,https://boxd.it/861al9,3.5,,,2024-12-19
2024-12-21,Anora,2024,https://boxd.it/86zfmf,4,,,2024-12-20
2024-12-22,The Apprentice,2024,https://boxd.it/87cvMh,3.5,,,2024-12-21
2024-12-23,Ocean's Eleven,2001,https://boxd.it/87TRFt,3.5,,,2024-12-22
2024-12-24,Waves,2019,https://boxd.it/88BlKf,4.5,,,2024-12-23
2024-12-25,Avatar,2009,https://boxd.it/89thwr,4,,,2024-12-24
2024-12-26,Avatar: The Way of Water,2022,https://boxd.it/8adeoV,4,,,2024-12-25
2024-12-27,Small Things Like These,2024,https://boxd.it/8b0Q69,4,,,2024-12-26
2024-12-28,Platoon,1986,https://boxd.it/8bUCmJ,4,,,2024-12-27
2024-12-29,Emilia Pérez,2024,https://boxd.it/8cLXOF,4,,,2024-12-28
2024-12-30,The Sisters Brothers,2018,https://boxd.it/8dOQyv,3.5,,,2024-12-29
2024-12-31,Gladiator II,2024,https://boxd.it/8eJ3Fh,4,,,2024-12-30
2025-01-01,King Kong,2005,https://boxd.it/8fI6YN,4,,,2024-12-31
2025-01-04,We Live in Time,2024,https://boxd.it/8iA5XF,4,,,2025-01-03
2025-01-16,Magnolia,1999,https://boxd.it/8uqzkB,4.5,,,2025-01-15
2025-01-27,The Banshees of Inisherin,2022,https://boxd.it/8D5QRB,3.5,,,2025-01-26
2025-02-02,A Different Man,2024,https://boxd.it/8Hj7bp,4,,,2025-02-01
2025-02-04,Sing Sing,2023,https://boxd.it/8ITFLx,4.5,,,2025-02-03
2025-02-05,Upgrade,2018,https://boxd.it/8JxBrX,3.5,,,2025-02-04
2025-02-12,Night Call,2024,https://boxd.it/8O3juT,4,,,2025-02-11
2025-02-13,The Devil Wears Prada,2006,https://boxd.it/8OCIZ3,3.5,,,2025-02-12
2025-02-18,Perfect Days,2023,https://boxd.it/8Sc2DD,3.5,,,2025-02-17
2025-02-28,Souleymane's Story,2024,https://boxd.it/8Yp31F,4.5,,,2025-02-27
2025-03-04,The Brutalist,2024,https://boxd.it/91jItb,4,,,2025-03-02
2025-03-08,A Real Pain,2024,https://boxd.it/93tcPH,3.5,,,2025-03-07
2025-03-17,Nickel Boys,2024,https://boxd.it/99keWB,3.5,,,2025-03-16
2025-03-18,Companion,2025,https://boxd.it/99OAGl,3,,,2025-03-17
2025-03-22,Heretic,2024,https://boxd.it/9bQVG9,3.5,,,2025-03-21
2025-04-08,Mickey 17,2025,https://boxd.it/9lGyH9,3.5,,,2025-04-07
2025-04-11,A History of Violence,2005,https://boxd.it/9naGR1,3,,,2025-04-10
2025-04-12,Constantine,2005,https://boxd.it/9nEoN1,3.5,,,2025-04-11
2025-04-13,At Eternity's Gate,2018,https://boxd.it/9oeU7X,4,,,2025-04-12
2025-05-08,The Raid,2011,https://boxd.it/9DjsTz,3.5,,,2025-05-07
2025-05-11,Candyman,2021,https://boxd.it/9F0hKr,3,,,2025-05-10
2025-05-12,Escape from Alcatraz,1979,https://boxd.it/9FILOr,3.5,,,2025-05-12
2025-05-31,Wind River,2017,https://boxd.it/9R17FB,3.5,,,2025-05-30
2025-06-09,The Judge,2014,https://boxd.it/9WIsz1,3.5,,,2025-06-08
2025-06-11,Moneyball,2011,https://boxd.it/9XOGoH,4,,,2025-06-10
2025-06-13,Annihilation,2018,https://boxd.it/9Z1wNn,4,,,2025-06-12
2025-06-15,The Thing,1982,https://boxd.it/a0epsR,4.5,,,2025-06-14
2025-06-18,The Accountant,2016,https://boxd.it/a2lYyn,3.5,,,2025-06-17
2025-06-19,The Accountant²,2025,https://boxd.it/a2VoID,2.5,,,2025-06-18
2025-06-21,28 Years Later,2025,https://boxd.it/a43Xvz,3.5,,,2025-06-20
2025-06-22,Sherlock Holmes,2009,https://boxd.it/a4LUF5,3.5,,,2025-06-21
2025-06-23,Sherlock Holmes: A Game of Shadows,2011,https://boxd.it/a5sZ3h,3,,,2025-06-22
2025-06-27,The Phoenician Scheme,2025,https://boxd.it/a89rFv,3,,,2025-06-26
2025-06-27,BlacKkKlansman,2018,https://boxd.it/a8eHF7,4,,,2025-06-26
2025-06-30,Sinners,2025,https://boxd.it/aabrDL,4,,,2025-06-29
2025-07-01,F1,2025,https://boxd.it/aaUsgX,4,,,2025-06-30
2025-07-07,District 9,2009,https://boxd.it/aeRYUF,3.5,,,2025-07-06
2025-07-08,Ballerina,2025,https://boxd.it/afFtZ5,3.5,,,2025-07-07
2025-07-09,Warfare,2025,https://boxd.it/agm0aN,3,,,2025-07-08
2025-07-13,Thunderbolts*,2025,https://boxd.it/ajn7Xr,4,,,2025-07-12
2025-07-15,Captain America: Brave New World,2025,https://boxd.it/al0MzR,2.5,,,2025-07-14
2025-07-17,Black Panther: Wakanda Forever,2022,https://boxd.it/amo4Rz,3.5,,,2025-07-16
2025-07-18,Man on Fire,2004,https://boxd.it/an5suv,4,,,2025-07-17
2025-07-19,John Q,2002,https://boxd.it/anNoe7,3,,,2025-07-18
2025-07-21,The Guardians of the Galaxy Holiday Special,2022,https://boxd.it/apfNBF,2.5,,,2025-07-19
2025-07-20,Guardians of the Galaxy Vol. 3,2023,https://boxd.it/aoIro9,4.5,,,2025-07-20
2025-07-21,Ocean's Twelve,2004,https://boxd.it/aprZDn,3,,,2025-07-20
2025-07-22,Ocean's Thirteen,2007,https://boxd.it/aqkIZL,3,,,2025-07-21
2025-07-23,The Greatest Showman,2017,https://boxd.it/ar3Qnl,4,,,2025-07-22
2025-07-25,The Day After Tomorrow,2004,https://boxd.it/asLRSL,3.5,,,2025-07-24
2025-07-27,Pan's Labyrinth,2006,https://boxd.it/aukbQH,4,,,2025-07-25
2025-07-27,The Shape of Water,2017,https://boxd.it/aurP35,4,,,2025-07-26
2025-07-28,A Beautiful Mind,2001,https://boxd.it/avfPCJ,4,,,2025-07-27
2025-07-30,Just Mercy,2019,https://boxd.it/awU7Bt,3.5,,,2025-07-28
2025-07-30,Out of the Furnace,2013,https://boxd.it/ax0xhV,3,,,2025-07-29
2025-08-14,Mission: Impossible,1996,https://boxd.it/aICC77,4,,,2025-07-30
2025-08-09,Downfall,2004,https://boxd.it/aESj3L,4.5,,,2025-08-08
2025-08-10,It Chapter Two,2019,https://boxd.it/aFHQ4f,2,,,2025-08-09
2025-08-12,The Terminal,2004,https://boxd.it/aHomVj,4,,,2025-08-11
2025-08-15,Mission: Impossible II,2000,https://boxd.it/aJlOJn,3,,,2025-08-13
2025-08-15,Mission: Impossible III,2006,https://boxd.it/aJunMH,3.5,,,2025-08-14
2025-08-16,Mission: Impossible – Ghost Protocol,2011,https://boxd.it/aKdoOp,4,,,2025-08-15
2025-08-18,Mission: Impossible – Rogue Nation,2015,https://boxd.it/aLETVz,4,,,2025-08-17
2025-08-20,Mission: Impossible – Fallout,2018,https://boxd.it/aN5KJx,4,,,2025-08-19
2025-08-21,Mission: Impossible – Dead Reckoning,2023,https://boxd.it/aO1Dur,4,,,2025-08-20
2025-08-22,Once Upon a Time... in Hollywood,2019,https://boxd.it/aOzfXx,4,Yes,,2025-08-21
2025-08-24,Mission: Impossible – The Final Reckoning,2025,https://boxd.it/aPVjI5,3.5,,,2025-08-23
2025-08-25,Das Boot,1981,https://boxd.it/aQLPXv,4.5,,,2025-08-24
2025-08-27,Superman,2025,https://boxd.it/aSy69H,3.5,,,2025-08-26
2025-09-02,Caught Stealing,2025,https://boxd.it/aWt7PF,3.5,,,2025-09-01
2025-09-04,C'mon C'mon,2021,https://boxd.it/aXHSeX,3.5,,,2025-09-03
2025-09-06,Flight,2012,https://boxd.it/aYTfJZ,3.5,,,2025-09-04
2025-09-15,Mud,2012,https://boxd.it/b4DyEL,3.5,,,2025-09-14
2025-09-20,Snowden,2016,https://boxd.it/b7kspp,3.5,,,2025-09-19
2025-09-24,One Battle After Another,2025,https://boxd.it/b9ZkGd,4,,,2025-09-23
2025-09-25,Relay,2024,https://boxd.it/ban9B5,3.5,,,2025-09-24
2025-09-27,The Fantastic 4: First Steps,2025,https://boxd.it/bbqNLz,3.5,,,2025-09-26
2025-09-29,Weapons,2025,https://boxd.it/bcOW63,3.5,,,2025-09-28
2025-10-05,Tron,1982,https://boxd.it/bgxTyZ,3.5,,,2025-10-04
2025-10-07,TRON: Legacy,2010,https://boxd.it/bhV5V7,4,,,2025-10-05
2025-10-07,Sirāt,2025,https://boxd.it/bi2Nvr,4,,,2025-10-06
2025-10-09,TRON: Ares,2025,https://boxd.it/bjcEPB,3,,,2025-10-08
2025-10-16,Annabelle,2014,https://boxd.it/bnCpDD,2,,,2025-10-15
2025-10-19,The Conjuring 2,2016,https://boxd.it/bpFPtD,3.5,,,2025-10-18
2025-10-20,Annabelle: Creation,2017,https://boxd.it/bqsyy5,2.5,,,2025-10-19
2025-10-21,The Nun,2018,https://boxd.it/brcN3t,2.5,,,2025-10-20
2025-10-22,The Curse of La Llorona,2019,https://boxd.it/brOMUH,1.5,,,2025-10-21
2025-11-12,War of the Worlds,2005,https://boxd.it/bGw8sR,3.5,,,2025-11-11
2025-11-15,Frankenstein,2025,https://boxd.it/bIl5jt,4.5,,,2025-11-14
2025-11-19,Beautiful Boy,2018,https://boxd.it/bLa8uf,4.5,,,2025-11-18
2025-11-20,Le Samouraï,1967,https://boxd.it/bLOTrH,4,,,2025-11-19
2025-11-22,"Three Billboards Outside Ebbing, Missouri",2017,https://boxd.it/bNcauN,4.5,,,2025-11-21
2025-11-25,Lady Vengeance,2005,https://boxd.it/bPBxu5,3.5,,,2025-11-24
2025-11-29,Bugonia,2025,https://boxd.it/bS2ead,3.5,,,2025-11-28
2025-12-12,Train,2008,https://boxd.it/c0DQNt,2,,,2025-12-09
2025-12-13,Train Dreams,2025,https://boxd.it/c1lWZ9,4.5,,,2025-12-10
2025-12-13,Eddington,2025,https://boxd.it/c1sxZ3,3.5,,,2025-12-12
2025-12-15,Phantom Thread,2017,https://boxd.it/c39Kpx,4,,,2025-12-14
2025-12-31,Gone Baby Gone,2007,https://boxd.it/ckgbsD,3,,,2025-12-27
2025-12-31,The King of Comedy,1982,https://boxd.it/ckrDhb,4,,,2025-12-30
2026-01-03,Ali,2001,https://boxd.it/colCZb,3.5,,,2026-01-02
2026-01-29,Dumb Money,2023,https://boxd.it/cSn6fJ,3.5,,,2026-01-26
2026-01-29,Wake Up Dead Man,2025,https://boxd.it/cSI1LR,3.5,,,2026-01-28
2026-02-07,The King,2019,https://boxd.it/d15SVD,4,,,2026-02-06
2026-02-08,Monsieur Aznavour,2024,https://boxd.it/d25S23,3.5,,,2026-02-07
2026-02-09,The Mauritanian,2021,https://boxd.it/d3eR7N,4,,,2026-02-08
2026-02-11,Alpha,2025,https://boxd.it/d4PAdn,4,,,2026-02-10
2026-02-13,Marty Supreme,2025,https://boxd.it/d64LFr,4,,,2026-02-11
2026-02-13,Black Dog,2024,https://boxd.it/d6lCxR,3.5,,,2026-02-12
2026-02-14,Law Abiding Citizen,2009,https://boxd.it/d750QN,3,,,2026-02-13
2026-02-16,Hell or High Water,2016,https://boxd.it/d9giUt,3.5,,,2026-02-15
2026-02-27,No Other Choice,2025,https://boxd.it/djBcDj,4,,,2026-02-23
2026-03-02,28 Years Later: The Bone Temple,2026,https://boxd.it/dlRHmN,3.5,,,2026-02-28
2026-03-03,Steve,2025,https://boxd.it/dn5Pcj,4,,,2026-03-02
2026-03-05,Titane,2021,https://boxd.it/dovhqx,3,,,2026-03-04
2026-03-11,Black Bag,2025,https://boxd.it/dtlvel,3,,,2026-03-10
2026-03-22,The Hangover,2009,https://boxd.it/dCozLP,4,,,2026-03-21
2026-03-23,The Hangover Part II,2011,https://boxd.it/dDJ3w5,3,,,2026-03-22
2026-04-07,The Hangover Part III,2013,https://boxd.it/dRGp6X,3,,,2026-03-23
2026-04-01,The Power of the Dog,2021,https://boxd.it/dLJbV5,3.5,,,2026-03-29
2026-04-04,Sentimental Value,2025,https://boxd.it/dOqvVt,4,,,2026-04-03
2026-04-07,The Secret Agent,2025,https://boxd.it/dRGr7j,3.5,,,2026-04-05
2026-04-08,Project Hail Mary,2026,https://boxd.it/dSTIst,4.5,,,2026-04-07
2026-05-12,Blink Twice,2024,https://boxd.it/ekh4iT,3,,,2026-05-11
2026-05-14,Transformers,2007,https://boxd.it/elRJk3,3.5,,,2026-05-13
2026-05-16,Transformers: Revenge of the Fallen,2009,https://boxd.it/eneMnz,2.5,,,2026-05-15
2026-05-16,Transformers: Dark of the Moon,2011,https://boxd.it/enn41R,2.5,,,2026-05-15
2026-05-18,Transformers: Age of Extinction,2014,https://boxd.it/eoSxer,2.5,,,2026-05-17
2026-05-18,Transformers: The Last Knight,2017,https://boxd.it/ep5E7j,2.5,,,2026-05-17
