Date,Name,Year,Letterboxd URI,Rating
2023-06-26,Zodiac,2007,https://boxd.it/27MO,4
2023-06-26,Bullet Train,2022,https://boxd.it/qW26,3.5
2023-06-26,Doctor Strange in the Multiverse of Madness,2022,https://boxd.it/gaTc,3
2023-06-26,El Camino: A Breaking Bad Movie,2019,https://boxd.it/kv0q,3.5
2023-06-26,First Man,2018,https://boxd.it/cPym,4
2023-06-26,Blade Runner 2049,2017,https://boxd.it/b8wK,4.5
2023-06-26,Baby Driver,2017,https://boxd.it/bhF2,4
2023-06-26,Memento,2000,https://boxd.it/2bcK,4.5
2023-06-26,The Sixth Sense,1999,https://boxd.it/29Js,4
2023-06-26,Training Day,2001,https://boxd.it/27A4,4
2023-06-26,The Prestige,2006,https://boxd.it/293w,3.5
2023-06-26,Drive,2011,https://boxd.it/IG,4
2023-06-26,Looper,2012,https://boxd.it/ham,4
2023-06-26,Fury,2014,https://boxd.it/6JwC,4
2023-06-26,Birdman or (The Unexpected Virtue of Ignorance),2014,https://boxd.it/5RFA,3.5
2023-06-26,Guy Ritchie's The Covenant,2023,https://boxd.it/xjcK,3
2023-06-26,John Wick,2014,https://boxd.it/7dEc,4
2023-06-26,The King's Man,2021,https://boxd.it/h714,3.5
2023-06-26,Shang-Chi and the Legend of the Ten Rings,2021,https://boxd.it/kLDI,2
2023-06-26,The Suicide Squad,2021,https://boxd.it/fw6O,3
2023-06-26,Once Upon a Time... in Hollywood,2019,https://boxd.it/gH0O,4
2023-06-26,Kingsman: The Golden Circle,2017,https://boxd.it/buJm,3
2023-06-26,Guardians of the Galaxy Vol. 2,2017,https://boxd.it/8MxC,4
2023-06-26,Split,2016,https://boxd.it/dgSy,4
2023-06-26,Interstellar,2014,https://boxd.it/4VZ8,4.5
2023-06-26,Gone Girl,2014,https://boxd.it/6hQu,3.5
2023-06-26,Ambulance,2022,https://boxd.it/sFxg,2.5
2023-06-26,6 Underground,2019,https://boxd.it/irU6,2
2023-06-26,Whiplash,2014,https://boxd.it/7bQA,4.5
2023-06-26,The Wolf of Wall Street,2013,https://boxd.it/3C1m,4
2023-06-26,Inglourious Basterds,2009,https://boxd.it/1JzG,4.5
2023-06-26,The Dark Knight Rises,2012,https://boxd.it/H3m,4
2023-06-26,Apocalypse Now,1979,https://boxd.it/6ZS,4.5
2023-06-26,Gemini Man,2019,https://boxd.it/gaUu,2
2023-06-26,Dune,2021,https://boxd.it/fA7G,3.5
2023-06-26,Inception,2010,https://boxd.it/1skk,4.5
2023-06-26,American Psycho,2000,https://boxd.it/28Vs,3
2023-06-26,The Social Network,2010,https://boxd.it/17ue,4
2023-06-26,Guardians of the Galaxy,2014,https://boxd.it/3VH2,4
2023-06-26,GoodFellas,1990,https://boxd.it/29FA,4
2023-06-26,Donnie Darko,2001,https://boxd.it/2b2A,4
2023-06-26,The Hateful Eight,2015,https://boxd.it/8gw8,4
2023-06-26,Reservoir Dogs,1992,https://boxd.it/2agc,3.5
2023-06-26,Iron Man,2008,https://boxd.it/28dA,3.5
2023-06-26,Captain Marvel,2019,https://boxd.it/9vSA,2
2023-06-26,The Hunger Games,2012,https://boxd.it/2uds,3.5
2023-06-26,Captain America: The Winter Soldier,2014,https://boxd.it/3r58,4
2023-06-26,Deadpool 2,2018,https://boxd.it/dlLM,3.5
2023-06-26,Deadpool,2016,https://boxd.it/9fOC,4
2023-06-26,Captain America: Civil War,2016,https://boxd.it/89Ja,3
2023-06-26,Snowpiercer,2013,https://boxd.it/3Icg,4
2023-06-26,Ready Player One,2018,https://boxd.it/aZes,3.5
2023-06-26,I Am Legend,2007,https://boxd.it/21DG,3.5
2023-06-26,Wanted,2008,https://boxd.it/1ZBS,3
2023-06-26,Ant-Man,2015,https://boxd.it/3vmW,1.5
2023-06-26,Eternals,2021,https://boxd.it/j36o,1.5
2023-06-26,Ant-Man and the Wasp,2018,https://boxd.it/cqUW,1.5
2023-06-26,Unbreakable,2000,https://boxd.it/1XV2,3
2023-06-26,Glass,2019,https://boxd.it/g3uO,3
2023-06-26,The Devil's Advocate,1997,https://boxd.it/286k,3
2023-06-26,Iron Man 2,2010,https://boxd.it/1WZM,3
2023-06-26,Scarface,1983,https://boxd.it/2b7g,4
2023-06-26,Comment c'est loin,2015,https://boxd.it/cHhM,2.5
2023-06-26,War Dogs,2016,https://boxd.it/9SlO,3.5
2023-06-26,The Incredible Hulk,2008,https://boxd.it/28dU,3
2023-06-26,The Matrix,1999,https://boxd.it/2a1m,5
2023-06-26,The Shawshank Redemption,1994,https://boxd.it/2aHi,5
2023-06-26,The Truman Show,1998,https://boxd.it/18U8,5
2023-06-26,Shutter Island,2010,https://boxd.it/1U82,5
2023-06-26,Fight Club,1999,https://boxd.it/2a9q,5
2023-06-26,Pulp Fiction,1994,https://boxd.it/29Pq,5
2023-06-26,Kingsman: The Secret Service,2014,https://boxd.it/6dxe,3.5
2023-06-26,Se7en,1995,https://boxd.it/29zs,5
2023-06-26,The Dark Knight,2008,https://boxd.it/2b0k,5
2023-06-26,Django Unchained,2012,https://boxd.it/2cCk,5
2023-06-26,Doctor Strange,2016,https://boxd.it/8MH8,3.5
2023-06-26,The Equalizer,2014,https://boxd.it/4TUK,3.5
2023-06-27,The Matrix Resurrections,2021,https://boxd.it/n87k,2.5
2023-06-27,The Matrix Reloaded,2003,https://boxd.it/2a1c,3.5
2023-06-27,The Matrix Revolutions,2003,https://boxd.it/2a12,3
2023-06-27,Men in Black,1997,https://boxd.it/2a0I,3.5
2023-06-27,John Wick: Chapter 3 – Parabellum,2019,https://boxd.it/gmFw,3.5
2023-06-27,John Wick: Chapter 2,2017,https://boxd.it/ayGu,3
2023-06-27,X-Men: Days of Future Past,2014,https://boxd.it/4aRw,3
2023-06-27,X-Men: Apocalypse,2016,https://boxd.it/7eJi,2.5
2023-06-27,Dark Phoenix,2019,https://boxd.it/anyO,2
2023-06-27,X-Men: First Class,2011,https://boxd.it/FOA,3.5
2023-06-27,Man of Steel,2013,https://boxd.it/FRk,3.5
2023-06-27,X-Men Origins: Wolverine,2009,https://boxd.it/27ug,2.5
2023-06-27,X-Men: The Last Stand,2006,https://boxd.it/1a5Q,2
2023-06-27,The Hunger Games: Mockingjay – Part 2,2015,https://boxd.it/4hk0,3
2023-06-27,Avengers: Infinity War,2018,https://boxd.it/9vEe,4
2023-06-27,Avengers: Endgame,2019,https://boxd.it/9vE4,3.5
2023-06-27,Thor: The Dark World,2013,https://boxd.it/2DqA,2
2023-06-27,The Wolverine,2013,https://boxd.it/2CWU,3.5
2023-06-27,Iron Man 3,2013,https://boxd.it/2cBQ,3
2023-06-27,The Avengers,2012,https://boxd.it/1xFW,3
2023-06-27,Captain America: The First Avenger,2011,https://boxd.it/28b0,2.5
2023-06-27,Thor,2011,https://boxd.it/1WQU,2.5
2023-06-27,X2,2003,https://boxd.it/1a7i,3
2023-06-27,X-Men,2000,https://boxd.it/1a7s,3
2023-06-27,The Hunger Games: Catching Fire,2013,https://boxd.it/3sAw,3
2023-06-27,Maze Runner: The Scorch Trials,2015,https://boxd.it/9hwA,2.5
2023-06-27,Maze Runner: The Death Cure,2018,https://boxd.it/bakw,2
2023-06-27,Thor: Ragnarok,2017,https://boxd.it/8MHi,3.5
2023-06-27,Avengers: Age of Ultron,2015,https://boxd.it/3qi6,3
2023-06-27,Back to the Future,1985,https://boxd.it/2b8e,4
2023-06-27,Back to the Future Part II,1989,https://boxd.it/2aYI,4
2023-06-27,Back to the Future Part III,1990,https://boxd.it/2aTS,3.5
2023-06-27,Shrek 2,2004,https://boxd.it/29z8,4
2023-06-27,No Country for Old Men,2007,https://boxd.it/21ew,4.5
2023-06-27,Heat,1995,https://boxd.it/2bg8,4.5
2023-06-27,Taxi Driver,1976,https://boxd.it/2b8y,4.5
2023-06-27,The Batman,2022,https://boxd.it/eDGs,4.5
2023-06-27,Blade Runner,1982,https://boxd.it/2bcA,4.5
2023-06-28,Black Panther,2018,https://boxd.it/8MHs,3
2023-06-28,Batman Begins,2005,https://boxd.it/2aIg,3.5
2023-06-28,The Platform,2019,https://boxd.it/mUm6,3.5
2023-06-28,Men in Black II,2002,https://boxd.it/2a0y,2.5
2023-06-28,Black Widow,2021,https://boxd.it/hWV8,2.5
2023-06-28,The Menu,2022,https://boxd.it/lScm,2.5
2023-06-28,The Gray Man,2022,https://boxd.it/rb7q,2
2023-06-28,The Place Beyond the Pines,2012,https://boxd.it/3mDu,4.5
2023-06-28,The Hunger Games: Mockingjay – Part 1,2014,https://boxd.it/4hka,2.5
2023-06-28,Men in Black 3,2012,https://boxd.it/103U,2.5
2023-06-29,American History X,1998,https://boxd.it/2bdo,4.5
2023-06-30,Legend,2015,https://boxd.it/8qZY,3
2023-06-30,Spider-Man: No Way Home,2021,https://boxd.it/nwRw,2.5
2023-06-30,Spider-Man: Far From Home,2019,https://boxd.it/fegG,2
2023-07-01,Saving Private Ryan,1998,https://boxd.it/29ro,4
2023-07-02,There Will Be Blood,2007,https://boxd.it/20Z2,4.5
2023-07-02,Sicario: Day of the Soldado,2018,https://boxd.it/e4fG,3
2023-07-02,8 Mile,2002,https://boxd.it/2bew,3.5
2023-07-03,Spider-Man: Homecoming,2017,https://boxd.it/aboM,2.5
2023-07-03,Thor: Love and Thunder,2022,https://boxd.it/mMAY,2
2023-07-04,Nobody,2021,https://boxd.it/mLqS,3
2023-07-04,Arrival,2016,https://boxd.it/aNGk,4.5
2023-07-05,Titanic,1997,https://boxd.it/2a2k,4
2023-07-06,Prisoners,2013,https://boxd.it/4E5i,5
2023-07-06,Dunkirk,2017,https://boxd.it/d0Y6,4
2023-07-06,In Time,2011,https://boxd.it/FPS,2.5
2023-07-07,Carlito's Way,1993,https://boxd.it/226e,3.5
2023-07-08,Batman v Superman: Dawn of Justice,2016,https://boxd.it/6fBW,2.5
2023-07-08,"Love, Death & Robots: Bad Travelling",2022,https://boxd.it/BykM,4
2023-07-09,The Big Short,2015,https://boxd.it/ajZw,3
2023-07-09,Get Out,2017,https://boxd.it/eOCm,4
2023-07-09,Casino,1995,https://boxd.it/2ads,4
2023-07-09,La La Land,2016,https://boxd.it/a5fa,4
2023-07-11,Midsommar,2019,https://boxd.it/jhxe,3.5
2023-07-17,Clean,2021,https://boxd.it/pKXC,2.5
2023-07-17,Detachment,2011,https://boxd.it/2BiY,3
2023-07-17,Kate,2021,https://boxd.it/m2qy,2.5
2023-07-17,Tom Clancy's Without Remorse,2021,https://boxd.it/kNyA,2
2023-07-18,Schindler's List,1993,https://boxd.it/2aq2,4.5
2023-07-19,Catch Me If You Can,2002,https://boxd.it/29VS,4
2023-07-23,Tenet,2020,https://boxd.it/leq4,3.5
2023-07-23,Hacksaw Ridge,2016,https://boxd.it/azew,3.5
2023-07-23,Brothers,2009,https://boxd.it/20WW,4
2023-07-31,Enemy,2013,https://boxd.it/5xtO,4
2023-08-01,A Quiet Place,2018,https://boxd.it/fVJQ,3.5
2023-08-02,A Quiet Place Part II,2020,https://boxd.it/iTx0,3.5
2023-08-04,The Northman,2022,https://boxd.it/nK2s,3.5
2023-08-22,The Lego Movie,2014,https://boxd.it/4pDO,3.5
2023-08-22,Suicide Squad,2016,https://boxd.it/9row,2.5
2023-09-21,The Irishman,2019,https://boxd.it/dYOq,3
2023-09-21,Warcraft,2016,https://boxd.it/2czK,2.5
2023-09-23,Jarhead,2005,https://boxd.it/70m,3.5
2023-09-28,Venom: Let There Be Carnage,2021,https://boxd.it/llco,2
2023-10-26,The Gentlemen,2019,https://boxd.it/iYBQ,3
2023-10-27,Sisu,2022,https://boxd.it/vHpu,3
2023-10-29,Bronson,2008,https://boxd.it/1GM8,3
2023-11-12,Babylon,2022,https://boxd.it/mM02,4
2023-11-14,Jackie Brown,1997,https://boxd.it/2aVO,3
2023-11-15,End of Watch,2012,https://boxd.it/2F5O,3.5
2023-11-24,Source Code,2011,https://boxd.it/fdo,3.5
2023-11-25,The Pursuit of Happyness,2006,https://boxd.it/28PE,4
2023-11-26,The Pianist,2002,https://boxd.it/2aqc,4.5
2023-11-27,Taken,2008,https://boxd.it/1ZXa,3.5
2023-11-27,The Master,2012,https://boxd.it/2cBG,4
2023-12-14,Gran Torino,2008,https://boxd.it/1Qzy,3.5
2023-12-24,Oldboy,2003,https://boxd.it/29R2,4
2023-12-25,Gladiator,2000,https://boxd.it/2b9m,4.5
2023-12-26,Pirates of the Caribbean: The Curse of the Black Pearl,2003,https://boxd.it/70G,4
2023-12-27,Incendies,2010,https://boxd.it/Msm,4.5
2023-12-29,Pirates of the Caribbean: On Stranger Tides,2011,https://boxd.it/27Z4,3
2023-12-29,Pirates of the Caribbean: Dead Man's Chest,2006,https://boxd.it/2bfk,4
2023-12-29,Pirates of the Caribbean: At World's End,2007,https://boxd.it/2aGu,4
2023-12-30,Pirates of the Caribbean: Dead Men Tell No Tales,2017,https://boxd.it/5a9m,3
2024-01-01,Zombieland,2009,https://boxd.it/1En6,3
2024-01-02,The Machinist,2004,https://boxd.it/248c,4
2024-01-02,Oppenheimer,2023,https://boxd.it/wUow,4
2024-01-07,Ready or Not,2019,https://boxd.it/kOf0,3.5
2024-01-07,Léon: The Professional,1994,https://boxd.it/2b8S,4
2024-01-07,Zombieland: Double Tap,2019,https://boxd.it/bgb6,3
2024-01-11,Yannick,2023,https://boxd.it/G2es,4
2024-01-12,Gravity,2013,https://boxd.it/GZY,3.5
2024-01-13,The Lighthouse,2019,https://boxd.it/icFU,4
2024-01-14,"The French Dispatch of the Liberty, Kansas Evening Sun",2021,https://boxd.it/jLP8,3
2024-01-15,300,2006,https://boxd.it/28XI,4
2024-01-15,Society of the Snow,2023,https://boxd.it/y9aw,4.5
2024-01-16,Spider-Man,2002,https://boxd.it/2a8i,3.5
2024-01-17,Spider-Man 2,2004,https://boxd.it/2a88,4
2024-01-18,Spider-Man 3,2007,https://boxd.it/2a7Y,3
2024-01-18,The Martian,2015,https://boxd.it/8SeG,3
2024-01-20,The Amazing Spider-Man,2012,https://boxd.it/27PI,3
2024-01-20,The Amazing Spider-Man 2,2014,https://boxd.it/3utM,2.5
2024-01-21,Ratatouille,2007,https://boxd.it/27ww,4
2024-01-22,Southpaw,2015,https://boxd.it/9Phu,3.5
2024-01-22,John Wick: Chapter 4,2023,https://boxd.it/mh48,3.5
2024-01-22,The Silence of the Lambs,1991,https://boxd.it/2aHW,4.5
2024-01-24,Memories of Murder,2003,https://boxd.it/1TSo,4
2024-01-24,Forrest Gump,1994,https://boxd.it/728,4
2024-01-24,Room,2015,https://boxd.it/7T0y,5
2024-01-24,Barbie,2023,https://boxd.it/bCLK,3
2024-01-24,"I, Robot",2004,https://boxd.it/27y8,3.5
2024-01-25,The Shining,1980,https://boxd.it/29Nu,3.5
2024-01-25,Venom,2018,https://boxd.it/b8wA,2.5
2024-01-26,Black Swan,2010,https://boxd.it/Sw0,4.5
2024-01-26,Knives Out,2019,https://boxd.it/jWEA,4.5
2024-01-28,Hannibal,2001,https://boxd.it/1XVc,3.5
2024-01-29,Scent of a Woman,1992,https://boxd.it/1YAu,4
2024-01-29,Good Time,2017,https://boxd.it/fcFu,4
2024-01-30,Napoleon,2023,https://boxd.it/shJM,3.5
2024-01-31,The Hunt,2012,https://boxd.it/3wEC,4.5
2024-02-01,Requiem for a Dream,2000,https://boxd.it/29VI,4
2024-02-02,Panic Room,2002,https://boxd.it/2490,4
2024-02-03,Only God Forgives,2013,https://boxd.it/2HBs,2.5
2024-02-04,Another Round,2020,https://boxd.it/lkba,3.5
2024-02-05,Collateral,2004,https://boxd.it/28F0,4
2024-02-07,Donnie Brasco,1997,https://boxd.it/1YRA,3.5
2024-02-07,The Killer,2023,https://boxd.it/u6WE,3.5
2024-02-08,Killers of the Flower Moon,2023,https://boxd.it/gHp0,4
2024-02-09,Swiss Army Man,2016,https://boxd.it/bDG2,3
2024-02-09,Parasite,2019,https://boxd.it/hTha,4.5
2024-02-12,Gangster Squad,2013,https://boxd.it/2TVa,3
2024-02-13,Full Metal Jacket,1987,https://boxd.it/2a1Q,4
2024-02-13,The Game,1997,https://boxd.it/26vC,4
2024-02-14,The Green Mile,1999,https://boxd.it/2agG,5
2024-02-16,Glass Onion,2022,https://boxd.it/oCkK,3
2024-02-17,Jurassic Park,1993,https://boxd.it/2aA2,4
2024-02-18,The Lost World: Jurassic Park,1997,https://boxd.it/2azS,2.5
2024-02-19,Jurassic World,2015,https://boxd.it/4n0g,3.5
2024-02-20,Jurassic Park III,2001,https://boxd.it/2azI,2.5
2024-02-20,Jurassic World: Fallen Kingdom,2018,https://boxd.it/bOnU,3
2024-02-21,Jurassic World Dominion,2022,https://boxd.it/ikXW,2.5
2024-02-22,The Aviator,2004,https://boxd.it/26BU,4
2024-02-23,Us,2019,https://boxd.it/gnV6,3.5
2024-02-25,Insomnia,2002,https://boxd.it/2aB0,3.5
2024-02-26,Gangs of New York,2002,https://boxd.it/25FG,3.5
2024-02-27,Miami Vice,2006,https://boxd.it/2bbW,3.5
2024-02-27,The Insider,1999,https://boxd.it/1ZoE,4
2024-02-28,All Your Faces,2023,https://boxd.it/BOP2,4.5
2024-03-01,Junkyard Dog,2023,https://boxd.it/A9H0,3.5
2024-03-03,Hostiles,2017,https://boxd.it/dpiO,3.5
2024-03-04,Shot Caller,2017,https://boxd.it/bihA,4
2024-03-05,Don't Look Up,2021,https://boxd.it/o0Hc,3
2024-03-06,Uncut Gems,2019,https://boxd.it/gXGc,3.5
2024-03-06,Jojo Rabbit,2019,https://boxd.it/iEBG,4.5
2024-03-07,Rocky,1976,https://boxd.it/28Uk,4
2024-03-08,Rocky II,1979,https://boxd.it/28Ua,4
2024-03-10,Rocky III,1982,https://boxd.it/28Tw,3.5
2024-03-10,Once Upon a Time in America,1984,https://boxd.it/2aCs,4.5
2024-03-11,Rocky IV,1985,https://boxd.it/28T2,3
2024-03-12,Rocky V,1990,https://boxd.it/28SS,2.5
2024-03-13,Rocky Balboa,2006,https://boxd.it/291q,3.5
2024-03-14,Creed,2015,https://boxd.it/a2qk,4
2024-03-15,Creed II,2018,https://boxd.it/hgl8,3.5
2024-03-16,Creed III,2023,https://boxd.it/pf68,3.5
2024-03-17,Fast & Furious Presents: Hobbs & Shaw,2019,https://boxd.it/dnDA,2.5
2024-03-17,Pacific Rim,2013,https://boxd.it/2cB2,3.5
2024-03-18,Babel,2006,https://boxd.it/292o,3
2024-03-19,Argo,2012,https://boxd.it/2czU,3.5
2024-03-20,The Guilty,2021,https://boxd.it/kOPW,3.5
2024-03-23,Ford v Ferrari,2019,https://boxd.it/ce74,4.5
2024-03-25,Beau Is Afraid,2023,https://boxd.it/u2gE,3.5
2024-03-27,Ex Machina,2015,https://boxd.it/7T2k,4
2024-03-28,Road House,2024,https://boxd.it/cdzQ,3
2024-03-29,The Big Lebowski,1998,https://boxd.it/2b6C,3.5
2024-03-30,Poor Things,2023,https://boxd.it/tNWU,4
2024-03-31,Unbroken,2014,https://boxd.it/6IaA,3.5
2024-04-01,The Imitation Game,2014,https://boxd.it/6aig,4
2024-04-02,Dallas Buyers Club,2013,https://boxd.it/4O8G,4
2024-04-04,Nope,2022,https://boxd.it/sDCe,3
2024-04-04,The Witch,2015,https://boxd.it/9X0m,3.5
2024-04-05,Finch,2021,https://boxd.it/iXBq,3.5
2024-04-06,The Girl with the Dragon Tattoo,2011,https://boxd.it/2Pa,4
2024-04-08,Harry Potter and the Philosopher's Stone,2001,https://boxd.it/29QS,4
2024-04-08,Harry Potter and the Chamber of Secrets,2002,https://boxd.it/29QI,3.5
2024-04-09,Harry Potter and the Prisoner of Azkaban,2004,https://boxd.it/29Qy,4.5
2024-04-10,Harry Potter and the Goblet of Fire,2005,https://boxd.it/29Qo,3.5
2024-04-11,Harry Potter and the Order of the Phoenix,2007,https://boxd.it/29Qe,4
2024-04-13,Harry Potter and the Deathly Hallows: Part 1,2010,https://boxd.it/1RYu,3.5
2024-04-13,Harry Potter and the Half-Blood Prince,2009,https://boxd.it/29FU,3
2024-04-13,Fantastic Beasts and Where to Find Them,2016,https://boxd.it/7FPC,3
2024-04-14,Harry Potter and the Deathly Hallows: Part 2,2011,https://boxd.it/1RYk,4
2024-04-16,The Wolf's Call,2019,https://boxd.it/hqkE,4
2024-04-17,Don't Be a Menace to South Central While Drinking Your Juice in the Hood,1996,https://boxd.it/1VQa,3
2024-04-18,The Thin Red Line,1998,https://boxd.it/1ZTM,4.5
2024-04-20,Nocturnal Animals,2016,https://boxd.it/bkFu,4
2024-04-20,The Creator,2023,https://boxd.it/oXWq,3.5
2024-04-21,Kill Bill: Vol. 1,2003,https://boxd.it/70w,4
2024-04-21,Kill Bill: Vol. 2,2004,https://boxd.it/2au4,3.5
2024-04-23,The Boy in the Striped Pyjamas,2008,https://boxd.it/1NOK,4.5
2024-04-26,28 Days Later,2002,https://boxd.it/2aXU,4
2024-04-27,28 Weeks Later,2007,https://boxd.it/28Bi,3
2024-04-28,Twelve Monkeys,1995,https://boxd.it/2beQ,3.5
2024-04-30,Monkey Man,2024,https://boxd.it/kvsO,4
2024-05-01,The Mist,2007,https://boxd.it/22r2,3
2024-05-02,Fantastic Mr. Fox,2009,https://boxd.it/1WyQ,4
2024-05-03,Edge of Tomorrow,2014,https://boxd.it/4pD0,3.5
2024-05-04,The Road,2009,https://boxd.it/1CWI,4
2024-05-06,Papillon,2017,https://boxd.it/fnvK,3.5
2024-05-07,Lion,2016,https://boxd.it/b2La,4
2024-05-08,10 Cloverfield Lane,2016,https://boxd.it/aZiu,3.5
2024-05-09,Extraction,2020,https://boxd.it/jUjA,3
2024-05-10,Extraction 2,2023,https://boxd.it/q4Zo,3.5
2024-05-11,Saw,2004,https://boxd.it/2aWW,4
2024-05-11,Saw II,2005,https://boxd.it/2aRs,3
2024-05-12,Saw III,2006,https://boxd.it/2aRC,2.5
2024-05-13,Saw IV,2007,https://boxd.it/29Sa,2.5
2024-05-17,Saw V,2008,https://boxd.it/1SMa,2.5
2024-05-17,Saw VI,2009,https://boxd.it/1A2y,3
2024-05-18,Jigsaw,2017,https://boxd.it/9sDs,2
2024-05-18,Saw 3D,2010,https://boxd.it/Znk,2
2024-05-19,Spiral: From the Book of Saw,2021,https://boxd.it/meXk,1.5
2024-05-20,Saw X,2023,https://boxd.it/zUWk,3
2024-05-21,American Gangster,2007,https://boxd.it/23wi,3.5
2024-05-23,The Pale Blue Eye,2022,https://boxd.it/u8tk,3
2024-05-24,Final Destination,2000,https://boxd.it/1YrC,3
2024-05-24,Aftersun,2022,https://boxd.it/Arw0,5
2024-05-25,Death Proof,2007,https://boxd.it/27GG,3.5
2024-05-26,White Boy Rick,2018,https://boxd.it/fAwG,3.5
2024-05-27,Million Dollar Baby,2004,https://boxd.it/2bdI,4
2024-05-28,Her,2013,https://boxd.it/4O24,3.5
2024-05-29,Snatch,2000,https://boxd.it/2b7U,3.5
2024-05-30,Talk to Me,2022,https://boxd.it/C6uQ,3.5
2024-05-31,The Fall Guy,2024,https://boxd.it/s0Bm,3.5
2024-06-01,The Terminator,1984,https://boxd.it/2aQY,4
2024-06-02,Unthinkable,2010,https://boxd.it/16y0,3
2024-06-03,Terminator 2: Judgment Day,1991,https://boxd.it/2aGY,4.5
2024-06-04,Terminator 3: Rise of the Machines,2003,https://boxd.it/2aES,3
2024-06-05,Terminator Salvation,2009,https://boxd.it/2abQ,3.5
2024-06-06,Terminator Genisys,2015,https://boxd.it/35s0,2.5
2024-06-08,Terminator: Dark Fate,2019,https://boxd.it/96YI,3
2024-06-09,Suspiria,1977,https://boxd.it/1SNW,4
2024-06-11,Amélie,2001,https://boxd.it/2aUc,4.5
2024-06-12,Don't Breathe 2,2021,https://boxd.it/hla0,3
2024-06-13,I Saw the Devil,2010,https://boxd.it/FaK,4
2024-06-14,V for Vendetta,2005,https://boxd.it/29Ik,4.5
2024-06-15,Little Miss Sunshine,2006,https://boxd.it/29EW,4.5
2024-06-16,Demolition,2015,https://boxd.it/9GuY,3.5
2024-06-18,Public Enemies,2009,https://boxd.it/1U8m,3
2024-06-18,The Iron Claw,2023,https://boxd.it/w5Pm,4
2024-06-20,12 Years a Slave,2013,https://boxd.it/2D2e,4
2024-06-22,The Whale,2022,https://boxd.it/tw4c,4.5
2024-06-23,A Man Called Otto,2022,https://boxd.it/zl06,3.5
2024-06-24,The Tree of Life,2011,https://boxd.it/1Zu8,4.5
2024-06-26,Army of Thieves,2021,https://boxd.it/tYai,3
2024-06-26,Mad Max: Fury Road,2015,https://boxd.it/2DjO,5
2024-06-27,Furiosa: A Mad Max Saga,2024,https://boxd.it/tABk,4.5
2024-06-28,The Maze Runner,2014,https://boxd.it/5YPM,3.5
2024-07-01,Now Where Did the Seventh Company Get to?,1973,https://boxd.it/3fYg,3.5
2024-07-01,The Seventh Company Has Been Found,1975,https://boxd.it/e65S,4
2024-07-01,The Seventh Company Outdoors,1977,https://boxd.it/oJy,3
2024-07-02,The Equalizer 2,2018,https://boxd.it/bAEW,3
2024-07-02,American Sniper,2014,https://boxd.it/5LDy,3
2024-07-03,The Intouchables,2011,https://boxd.it/2FT0,4
2024-07-04,mother!,2017,https://boxd.it/dgRU,4
2024-07-05,The Equalizer 3,2023,https://boxd.it/yU54,3.5
2024-07-06,The Book of Eli,2010,https://boxd.it/1Dnu,3.5
2024-07-08,Scream,1996,https://boxd.it/24EC,4
2024-07-09,Scream 2,1997,https://boxd.it/24Es,3.5
2024-07-10,Scream 3,2000,https://boxd.it/24Ei,2.5
2024-07-11,Scream 4,2011,https://boxd.it/Zmc,3
2024-07-12,Scream,2022,https://boxd.it/o0lg,2.5
2024-07-13,Scream VI,2023,https://boxd.it/zdfW,2
2024-07-14,Rise of the Planet of the Apes,2011,https://boxd.it/cS4,4
2024-07-15,Cruella,2021,https://boxd.it/bbKg,4
2024-07-15,Dawn of the Planet of the Apes,2014,https://boxd.it/3XyQ,4
2024-07-16,War for the Planet of the Apes,2017,https://boxd.it/8FE2,4
2024-07-17,Kingdom of the Planet of the Apes,2024,https://boxd.it/ohEE,4
2024-07-18,The Bikeriders,2023,https://boxd.it/C6Ym,3.5
2024-07-19,It Follows,2014,https://boxd.it/87wo,3.5
2024-07-20,"O Brother, Where Art Thou?",2000,https://boxd.it/2b3I,3.5
2024-07-21,The Zone of Interest,2023,https://boxd.it/gJsA,3.5
2024-07-22,Primal Fear,1996,https://boxd.it/28ws,4
2024-07-23,Killing Them Softly,2012,https://boxd.it/IQ,3
2024-07-24,[REC],2007,https://boxd.it/20ma,3
2024-07-25,Sin City,2005,https://boxd.it/2aVk,4
2024-07-26,Mystic River,2003,https://boxd.it/2aAG,4
2024-07-27,Kingdom of Heaven,2005,https://boxd.it/28Gs,4
2024-07-28,The Florida Project,2017,https://boxd.it/dMG0,4
2024-07-29,Cast Away,2000,https://boxd.it/20i8,4
2024-07-30,World War Z,2013,https://boxd.it/2p2E,3
2024-07-31,It,2017,https://boxd.it/bC8e,3.5
2024-08-01,Good Will Hunting,1997,https://boxd.it/2ahY,4.5
2024-08-02,Cloverfield,2008,https://boxd.it/2192,3
2024-08-03,Lost in Translation,2003,https://boxd.it/2b0E,3.5
2024-08-04,"I, Tonya",2017,https://boxd.it/dzR0,4
2024-08-05,The Town,2010,https://boxd.it/1zyS,3.5
2024-08-06,Dog Pound,2010,https://boxd.it/TfE,3.5
2024-08-07,The World Is Yours,2018,https://boxd.it/iehq,3.5
2024-08-10,X,2022,https://boxd.it/sxVa,2.5
2024-08-11,Pearl,2022,https://boxd.it/zPbe,2.5
2024-08-11,MaXXXine,2024,https://boxd.it/CIM4,3
2024-08-12,Ad Astra,2019,https://boxd.it/ePzI,3.5
2024-08-14,Asteroid City,2023,https://boxd.it/s3ds,3
2024-08-14,The Wonderful Story of Henry Sugar,2023,https://boxd.it/yNyo,3
2024-08-14,Irreversible,2002,https://boxd.it/29as,4
2024-08-15,Hereditary,2018,https://boxd.it/hNVe,3.5
2024-08-15,Civil War,2024,https://boxd.it/z1jW,4.5
2024-08-16,Saltburn,2023,https://boxd.it/z4eg,3.5
2024-08-17,The Fabelmans,2022,https://boxd.it/ugoM,4.5
2024-08-19,Dune: Part Two,2024,https://boxd.it/pUfA,4
2024-08-20,The Animal Kingdom,2023,https://boxd.it/zzJk,3.5
2024-08-21,Okja,2017,https://boxd.it/dvXe,3.5
2024-08-22,Warrior,2011,https://boxd.it/i3G,4
2024-08-23,Cure,1997,https://boxd.it/1blA,3.5
2024-08-24,The Usual Suspects,1995,https://boxd.it/29XE,4
2024-08-25,The Others,2001,https://boxd.it/27Po,4
2024-08-27,A Quiet Place: Day One,2024,https://boxd.it/sDAi,3
2024-08-28,Minority Report,2002,https://boxd.it/2aWi,4
2024-08-29,Train to Busan,2016,https://boxd.it/dSQU,4
2024-08-29,A Prophet,2009,https://boxd.it/1BGE,4
2024-08-29,Munich,2005,https://boxd.it/2a0e,4
2024-08-30,Inside Llewyn Davis,2013,https://boxd.it/34Ro,3.5
2024-08-30,Children of Men,2006,https://boxd.it/1Y2i,4.5
2024-08-30,The Departed,2006,https://boxd.it/28MA,4
2024-08-30,Thief,1981,https://boxd.it/1TEc,4
2024-08-30,Manhunter,1986,https://boxd.it/1TOw,3.5
2024-08-31,Sonic the Hedgehog,2020,https://boxd.it/gdK8,2
2024-09-01,Fargo,1996,https://boxd.it/2aHM,3.5
2024-09-02,The Curious Case of Benjamin Button,2008,https://boxd.it/23Fk,4
2024-09-02,Captain Fantastic,2016,https://boxd.it/b2K2,4
2024-09-02,Climax,2018,https://boxd.it/ikvo,3.5
2024-09-04,Buried,2010,https://boxd.it/1tXC,3
2024-09-05,Kinds of Kindness,2024,https://boxd.it/CWPw,3
2024-09-07,Twisters,2024,https://boxd.it/qV7a,3
2024-09-08,La Haine,1995,https://boxd.it/2as8,4
2024-09-09,Nightmare Alley,2021,https://boxd.it/m0HC,3.5
2024-09-10,The Green Knight,2021,https://boxd.it/kuy2,3
2024-09-10,The Fast and the Furious,2001,https://boxd.it/1XMu,3.5
2024-09-11,2 Fast 2 Furious,2003,https://boxd.it/2a4g,3
2024-09-12,The Fast and the Furious: Tokyo Drift,2006,https://boxd.it/1Yeo,2.5
2024-09-13,Fast & Furious,2009,https://boxd.it/1Pnm,3
2024-09-14,Fast Five,2011,https://boxd.it/BgO,3.5
2024-09-15,Fast & Furious 6,2013,https://boxd.it/2UG6,3.5
2024-09-16,Furious 7,2015,https://boxd.it/5cVs,3
2024-09-17,The Fate of the Furious,2017,https://boxd.it/bbCw,2.5
2024-09-17,Longlegs,2024,https://boxd.it/KzLM,3
2024-09-19,F9,2021,https://boxd.it/dqsU,2
2024-09-21,Fast X,2023,https://boxd.it/drIu,2.5
2024-09-21,Lord of War,2005,https://boxd.it/284y,3.5
2024-09-22,Serpico,1973,https://boxd.it/1ZjE,3.5
2024-09-23,Anatomy of a Fall,2023,https://boxd.it/yuDE,4
2024-09-24,Predestination,2014,https://boxd.it/6bJM,4
2024-09-25,Moon,2009,https://boxd.it/1IGQ,3.5
2024-09-26,Trap,2024,https://boxd.it/D4nK,3
2024-09-28,Raiders of the Lost Ark,1981,https://boxd.it/2bbs,4
2024-09-28,A Ghost Story,2017,https://boxd.it/fb0K,4.5
2024-09-29,Indiana Jones and the Temple of Doom,1984,https://boxd.it/2bb8,3.5
2024-09-30,Indiana Jones and the Last Crusade,1989,https://boxd.it/2baO,3.5
2024-09-30,Indiana Jones and the Kingdom of the Crystal Skull,2008,https://boxd.it/2aR8,3
2024-10-01,Indiana Jones and the Dial of Destiny,2023,https://boxd.it/b8vM,2.5
2024-10-02,In a Violent Nature,2024,https://boxd.it/K5eI,3
2024-10-03,Fallen Angels,1995,https://boxd.it/1UkW,4
2024-10-05,The Black Phone,2021,https://boxd.it/sqFE,4
2024-10-07,The Killing of a Sacred Deer,2017,https://boxd.it/dZ5G,3.5
2024-10-09,Pawn Sacrifice,2014,https://boxd.it/7dlE,4
2024-10-10,Top Gun,1986,https://boxd.it/29JC,4
2024-10-11,Top Gun: Maverick,2022,https://boxd.it/cjr4,4
2024-10-11,You Were Never Really Here,2017,https://boxd.it/dWOS,3.5
2024-10-12,Life,2017,https://boxd.it/dRqG,3.5
2024-10-13,The Platform 2,2024,https://boxd.it/Gz88,2.5
2024-10-14,Captain Phillips,2013,https://boxd.it/3GPK,4
2024-10-15,Jaws,1975,https://boxd.it/2a5e,4
2024-10-16,Psycho,1960,https://boxd.it/2ab2,4
2024-10-18,The Revenant,2015,https://boxd.it/8H5e,4.5
2024-10-18,Last Night in Soho,2021,https://boxd.it/lbJC,4
2024-10-19,The Visitors,1993,https://boxd.it/1TeI,3
2024-10-20,Eternal Sunshine of the Spotless Mind,2004,https://boxd.it/6YK,4.5
2024-10-21,The Lord of the Rings: The Fellowship of the Ring,2001,https://boxd.it/2b5O,4.5
2024-10-22,The Lord of the Rings: The Two Towers,2002,https://boxd.it/2b5E,4.5
2024-10-23,The Lord of the Rings: The Return of the King,2003,https://boxd.it/2b5u,4.5
2024-10-24,The Hobbit: An Unexpected Journey,2012,https://boxd.it/GZk,3.5
2024-10-25,The Hobbit: The Desolation of Smaug,2013,https://boxd.it/nmS,3
2024-10-26,The Hobbit: The Battle of the Five Armies,2014,https://boxd.it/43aU,3
2024-10-27,Dead Poets Society,1989,https://boxd.it/2aSg,4
2024-10-28,Mulholland Drive,2001,https://boxd.it/297o,4
2024-10-30,Speak No Evil,2022,https://boxd.it/vqlg,3.5
2024-10-31,Infested,2023,https://boxd.it/Egl4,3.5
2024-11-01,The Conjuring,2013,https://boxd.it/4sr2,4
2024-11-02,Come and See,1985,https://boxd.it/1w9q,4.5
2024-11-03,Aliens,1986,https://boxd.it/29PA,4
2024-11-04,Alien³,1992,https://boxd.it/20zS,2.5
2024-11-06,Alien Resurrection,1997,https://boxd.it/20zI,2.5
2024-11-06,Prometheus,2012,https://boxd.it/2s9e,3
2024-11-07,Alien: Covenant,2017,https://boxd.it/49UY,3
2024-11-09,The Beasts,2022,https://boxd.it/w1L6,4
2024-11-10,Joker,2019,https://boxd.it/h4cS,4
2024-11-10,Joker: Folie à Deux,2024,https://boxd.it/xBoE,3
2024-11-12,Everything Everywhere All at Once,2022,https://boxd.it/jUk4,3.5
2024-11-12,Barbarian,2022,https://boxd.it/yohi,3.5
2024-11-13,The Handmaiden,2016,https://boxd.it/948A,4.5
2024-11-13,Dogtooth,2009,https://boxd.it/158K,3
2024-11-13,Alien,1979,https://boxd.it/2awY,5
2024-11-16,Vice,2018,https://boxd.it/fcFY,3
2024-11-17,Blood Diamond,2006,https://boxd.it/28Tm,3.5
2024-11-17,Awakenings,1990,https://boxd.it/1USu,4.5
2024-11-18,2001: A Space Odyssey,1968,https://boxd.it/2bf0,4.5
2024-11-18,A Clockwork Orange,1971,https://boxd.it/2aVE,3
2024-11-18,Eyes Wide Shut,1999,https://boxd.it/2axs,3.5
2024-11-20,Green Book,2018,https://boxd.it/hErk,4
2024-11-21,The Count of Monte Cristo,2024,https://boxd.it/F1Nk,4
2024-11-22,Silence,2016,https://boxd.it/2cAo,3.5
2024-11-23,Past Lives,2023,https://boxd.it/oNB8,3.5
2024-11-24,Shoplifters,2018,https://boxd.it/ifY6,4.5
2024-11-26,The Godfather Part II,1974,https://boxd.it/2aNq,4.5
2024-11-27,The Godfather Part III,1990,https://boxd.it/2aN6,4
2024-11-28,Dog Day Afternoon,1975,https://boxd.it/29bg,4
2024-11-29,Life Is Beautiful,1997,https://boxd.it/29Wm,4.5
2024-11-30,Love Lies Bleeding,2024,https://boxd.it/zN4q,3.5
2024-11-30,City of God,2002,https://boxd.it/2a2a,4.5
2024-12-01,Inside Man,2006,https://boxd.it/2auS,4
2024-12-03,A Most Violent Year,2014,https://boxd.it/75Va,3.5
2024-12-04,Megalopolis,2024,https://boxd.it/lPBS,3.5
2024-12-04,Deadpool & Wolverine,2024,https://boxd.it/jq8s,2.5
2024-12-05,Shame,2011,https://boxd.it/2CxU,4
2024-12-06,Conclave,2024,https://boxd.it/AO8q,4
2024-12-07,The Father,2020,https://boxd.it/m8Ie,4.5
2024-12-07,The Favourite,2018,https://boxd.it/d2hI,4
2024-12-08,Juror #2,2024,https://boxd.it/FRwU,4
2024-12-09,The Lobster,2015,https://boxd.it/7tnw,4
2024-12-10,Casino Royale,2006,https://boxd.it/1alk,3.5
2024-12-10,Night at the Museum,2006,https://boxd.it/28wi,3.5
2024-12-11,Night at the Museum: Battle of the Smithsonian,2009,https://boxd.it/1H7U,3
2024-12-11,A Hidden Life,2019,https://boxd.it/eb1Q,4.5
2024-12-12,Night at the Museum: Secret of the Tomb,2014,https://boxd.it/5x3m,2.5
2024-12-14,Army of Shadows,1969,https://boxd.it/1Mli,4
2024-12-17,The Chorus,2004,https://boxd.it/22X8,4.5
2024-12-17,Raw,2016,https://boxd.it/dLd2,3
2024-12-18,Stalker,1979,https://boxd.it/28PO,4
2024-12-19,Minari,2020,https://boxd.it/mL9M,4
2024-12-20,Dream Scenario,2023,https://boxd.it/v2h0,3.5
2024-12-21,Anora,2024,https://boxd.it/Egcw,4
2024-12-22,The Apprentice,2024,https://boxd.it/IPqG,3.5
2024-12-23,Ocean's Eleven,2001,https://boxd.it/2aZm,3.5
2024-12-23,The Grand Budapest Hotel,2014,https://boxd.it/3ZqO,4.5
2024-12-25,Avatar,2009,https://boxd.it/1Efm,4
2024-12-25,Don't Breathe,2016,https://boxd.it/9yzw,4
2024-12-26,Avatar: The Way of Water,2022,https://boxd.it/2E2E,4
2024-12-26,Lady Bird,2017,https://boxd.it/dGNE,4
2024-12-28,Platoon,1986,https://boxd.it/29BS,4
2024-12-28,1917,2019,https://boxd.it/jj4y,4.5
2024-12-28,All Quiet on the Western Front,2022,https://boxd.it/H08,4.5
2024-12-30,The Sisters Brothers,2018,https://boxd.it/fDFm,3.5
2025-01-01,King Kong,2005,https://boxd.it/2aLa,4
2025-01-02,American Beauty,1999,https://boxd.it/71Y,4
2025-01-02,The Godfather,1972,https://boxd.it/2aNK,4.5
2025-01-04,We Live in Time,2024,https://boxd.it/FC5u,4
2025-01-06,Sicario,2015,https://boxd.it/8i7u,4.5
2025-01-07,Emilia Pérez,2024,https://boxd.it/AP3G,4.5
2025-01-07,Challengers,2024,https://boxd.it/zld0,3.5
2025-01-08,Alien: Romulus,2024,https://boxd.it/zGqO,4.5
2025-01-11,Gladiator II,2024,https://boxd.it/kqQQ,3.5
2025-01-13,Riders of Justice,2020,https://boxd.it/oHQc,3
2025-01-13,Rush,2013,https://boxd.it/3lyS,4
2025-01-16,Magnolia,1999,https://boxd.it/2aze,4.5
2025-01-23,Logan,2017,https://boxd.it/7Piy,4.5
2025-01-27,The Banshees of Inisherin,2022,https://boxd.it/p7XS,3.5
2025-02-02,A Different Man,2024,https://boxd.it/BoEC,3.5
2025-02-05,Upgrade,2018,https://boxd.it/i4gW,3.5
2025-02-11,Ferrari,2023,https://boxd.it/cEtq,3.5
2025-02-13,The Devil Wears Prada,2006,https://boxd.it/2awE,3.5
2025-02-15,Waves,2019,https://boxd.it/jpmy,4.5
2025-02-15,Moonlight,2016,https://boxd.it/d6bE,5
2025-02-17,Sing Sing,2023,https://boxd.it/HIBA,5
2025-02-17,Night Call,2024,https://boxd.it/BQBw,4.5
2025-02-18,Perfect Days,2023,https://boxd.it/ATh8,3.5
2025-02-28,Souleymane's Story,2024,https://boxd.it/HQVy,4.5
2025-03-04,Watchmen,2009,https://boxd.it/1QE4,4.5
2025-03-04,The Brutalist,2024,https://boxd.it/k4BO,4
2025-03-08,A Real Pain,2024,https://boxd.it/CjNG,3.5
2025-03-17,Nickel Boys,2024,https://boxd.it/CStQ,3.5
2025-03-18,Companion,2025,https://boxd.it/F04o,3
2025-03-22,Heretic,2024,https://boxd.it/H1lY,3
2025-04-08,Mickey 17,2025,https://boxd.it/q1Dk,3.5
2025-04-11,A History of Violence,2005,https://boxd.it/2bfa,3
2025-04-12,Constantine,2005,https://boxd.it/2a7E,3.5
2025-04-13,At Eternity's Gate,2018,https://boxd.it/hI40,4
2025-04-23,The Nice Guys,2016,https://boxd.it/94Hg,4.5
2025-05-07,The Raid,2011,https://boxd.it/3hBy,3.5
2025-05-10,Candyman,2021,https://boxd.it/kHFg,3
2025-05-12,Escape from Alcatraz,1979,https://boxd.it/1Vwk,3.5
2025-05-31,Wind River,2017,https://boxd.it/dR3i,3.5
2025-05-31,Small Things Like These,2024,https://boxd.it/FHIm,4.5
2025-06-09,The Judge,2014,https://boxd.it/6aiU,3.5
2025-06-11,Moneyball,2011,https://boxd.it/glS,4
2025-06-13,Annihilation,2018,https://boxd.it/9yzm,4
2025-06-15,The Thing,1982,https://boxd.it/294O,4.5
2025-06-18,The Accountant,2016,https://boxd.it/9EhI,3.5
2025-06-19,The Accountant²,2025,https://boxd.it/wOm0,2.5
2025-06-22,Sherlock Holmes,2009,https://boxd.it/1W2A,3.5
2025-06-23,Sherlock Holmes: A Game of Shadows,2011,https://boxd.it/k3S,3
2025-06-27,The Phoenician Scheme,2025,https://boxd.it/H0Ca,3
2025-06-27,BlacKkKlansman,2018,https://boxd.it/hxL8,4
2025-06-28,The Substance,2024,https://boxd.it/zanS,4
2025-06-30,Sinners,2025,https://boxd.it/KQMM,4
2025-07-01,F1,2025,https://boxd.it/yjVM,4
2025-07-07,District 9,2009,https://boxd.it/1Iik,3.5
2025-07-08,Ballerina,2025,https://boxd.it/jKqG,3.5
2025-07-09,Warfare,2025,https://boxd.it/LbRo,3
2025-07-13,Thunderbolts*,2025,https://boxd.it/BfbQ,4
2025-07-15,Captain America: Brave New World,2025,https://boxd.it/uYDm,3
2025-07-17,Little Women,2019,https://boxd.it/aSVk,4.5
2025-07-17,Black Panther: Wakanda Forever,2022,https://boxd.it/igPu,3.5
2025-07-18,Man on Fire,2004,https://boxd.it/1Yvk,4
2025-07-19,John Q,2002,https://boxd.it/205S,3.5
2025-07-21,The Guardians of the Galaxy Holiday Special,2022,https://boxd.it/t77K,2.5
2025-07-21,Ocean's Twelve,2004,https://boxd.it/2aZ2,3
2025-07-22,Ocean's Thirteen,2007,https://boxd.it/2aEy,3
2025-07-23,Guardians of the Galaxy Vol. 3,2023,https://boxd.it/fVNI,4
2025-07-24,Call Me by Your Name,2017,https://boxd.it/dYmm,2.5
2025-07-25,The Greatest Showman,2017,https://boxd.it/acjI,4
2025-07-25,The Day After Tomorrow,2004,https://boxd.it/2aog,3.5
2025-07-27,Pan's Labyrinth,2006,https://boxd.it/28No,4
2025-07-27,The Shape of Water,2017,https://boxd.it/dZ5m,4
2025-07-28,A Beautiful Mind,2001,https://boxd.it/2amk,4
2025-07-28,Into the Wild,2007,https://boxd.it/22m2,4.5
2025-07-30,Just Mercy,2019,https://boxd.it/iXj2,3.5
2025-07-30,Out of the Furnace,2013,https://boxd.it/572i,3
2025-08-09,Downfall,2004,https://boxd.it/2a04,4
2025-08-10,It Chapter Two,2019,https://boxd.it/h10u,2
2025-08-12,The Terminal,2004,https://boxd.it/2a2O,4
2025-08-14,Mission: Impossible,1996,https://boxd.it/29d2,4
2025-08-15,Mission: Impossible II,2000,https://boxd.it/29cS,3
2025-08-16,Mission: Impossible – Ghost Protocol,2011,https://boxd.it/psI,4
2025-08-18,Mission: Impossible – Rogue Nation,2015,https://boxd.it/5rI4,4
2025-08-20,Mission: Impossible – Fallout,2018,https://boxd.it/bSVc,4
2025-08-24,Mission: Impossible – The Final Reckoning,2025,https://boxd.it/l7A2,3.5
2025-08-24,Mission: Impossible III,2006,https://boxd.it/29cI,3
2025-08-24,Mission: Impossible – Dead Reckoning,2023,https://boxd.it/l7zS,4
2025-08-25,Das Boot,1981,https://boxd.it/2av2,4.5
2025-08-25,Lucy,2014,https://boxd.it/75hu,3
2025-08-27,Manchester by the Sea,2016,https://boxd.it/b2L0,4.5
2025-08-27,Superman,2025,https://boxd.it/E9IU,3.5
2025-09-01,Sound of Metal,2019,https://boxd.it/i7Q4,4.5
2025-09-01,The Assassination of Jesse James by the Coward Robert Ford,2007,https://boxd.it/24dG,4.5
2025-09-02,Caught Stealing,2025,https://boxd.it/LnyS,3.5
2025-09-04,C'mon C'mon,2021,https://boxd.it/nrI0,3.5
2025-09-06,Flight,2012,https://boxd.it/35Ca,3
2025-09-15,Mud,2012,https://boxd.it/3wPA,3.5
2025-09-20,Snowden,2016,https://boxd.it/9CWO,3.5
2025-09-25,Relay,2024,https://boxd.it/Faee,3.5
2025-09-27,The Fantastic 4: First Steps,2025,https://boxd.it/mP6C,3.5
2025-09-28,"Paris, Texas",1984,https://boxd.it/29Ts,4
2025-09-29,Weapons,2025,https://boxd.it/EMTM,3.5
2025-10-05,Tron,1982,https://boxd.it/2b9w,3.5
2025-10-07,TRON: Legacy,2010,https://boxd.it/1Dlo,4
2025-10-07,Sirāt,2025,https://boxd.it/HxJo,4
2025-10-09,TRON: Ares,2025,https://boxd.it/jqdM,3
2025-10-12,The Holdovers,2023,https://boxd.it/vHza,4.5
2025-10-16,Annabelle,2014,https://boxd.it/7l84,2
2025-10-19,The Conjuring 2,2016,https://boxd.it/7GJg,3.5
2025-10-20,Annabelle: Creation,2017,https://boxd.it/dSxe,2.5
2025-10-21,The Nun,2018,https://boxd.it/fBkw,2.5
2025-10-22,The Curse of La Llorona,2019,https://boxd.it/hg0E,1.5
2025-11-12,War of the Worlds,2005,https://boxd.it/2bde,3.5
2025-11-15,Frankenstein,2025,https://boxd.it/Ecsg,4.5
2025-11-19,Beautiful Boy,2018,https://boxd.it/g76Q,4.5
2025-11-20,Le Samouraï,1967,https://boxd.it/22ZI,4
2025-11-22,"Three Billboards Outside Ebbing, Missouri",2017,https://boxd.it/ceBS,4.5
2025-11-25,Lady Vengeance,2005,https://boxd.it/248G,3.5
2025-11-29,Bugonia,2025,https://boxd.it/qeWY,3.5
2025-12-12,Train,2008,https://boxd.it/1Bbw,2
2025-12-13,Train Dreams,2025,https://boxd.it/LdDo,4.5
2025-12-13,Eddington,2025,https://boxd.it/o6MC,3
2025-12-15,Phantom Thread,2017,https://boxd.it/e4uc,4
2025-12-21,One Battle After Another,2025,https://boxd.it/DUHM,4.5
2025-12-31,Gone Baby Gone,2007,https://boxd.it/23R6,3
2025-12-31,The King of Comedy,1982,https://boxd.it/2aJS,4
2026-01-03,Ali,2001,https://boxd.it/205e,3.5
2026-01-29,Dumb Money,2023,https://boxd.it/tNdU,3.5
2026-01-29,Wake Up Dead Man,2025,https://boxd.it/uAKS,3.5
2026-02-07,The King,2019,https://boxd.it/ieZs,4
2026-02-08,Monsieur Aznavour,2024,https://boxd.it/BSGI,3.5
2026-02-09,The Mauritanian,2021,https://boxd.it/nWiM,4
2026-02-11,Alpha,2025,https://boxd.it/N008,4
2026-02-13,Marty Supreme,2025,https://boxd.it/Off0,4
2026-02-13,Black Dog,2024,https://boxd.it/Lzqm,3.5
2026-02-14,Law Abiding Citizen,2009,https://boxd.it/1A2I,3
2026-02-16,Hell or High Water,2016,https://boxd.it/bfGM,3.5
2026-02-27,No Other Choice,2025,https://boxd.it/nKiA,4
2026-03-02,28 Years Later,2025,https://boxd.it/FEGM,4
2026-03-02,28 Years Later: The Bone Temple,2026,https://boxd.it/MwlA,3.5
2026-03-03,Steve,2025,https://boxd.it/LekC,4
2026-03-05,Titane,2021,https://boxd.it/nlQC,3
2026-03-11,Black Bag,2025,https://boxd.it/KRbM,3
2026-03-14,Nightcrawler,2014,https://boxd.it/780m,5
2026-03-22,The Hangover,2009,https://boxd.it/1GjK,4
2026-03-23,The Hangover Part II,2011,https://boxd.it/PZI,3
2026-04-01,The Power of the Dog,2021,https://boxd.it/m99E,3.5
2026-04-04,Sentimental Value,2025,https://boxd.it/GwcG,4
2026-04-07,The Hangover Part III,2013,https://boxd.it/3GNY,3
2026-04-07,The Secret Agent,2025,https://boxd.it/KkUE,3.5
2026-04-08,Project Hail Mary,2026,https://boxd.it/pEeQ,4.5
2026-05-12,Blink Twice,2024,https://boxd.it/vIOg,3
2026-05-14,Transformers,2007,https://boxd.it/280c,3.5
2026-05-16,Transformers: Revenge of the Fallen,2009,https://boxd.it/20gG,2.5
2026-05-16,Transformers: Dark of the Moon,2011,https://boxd.it/16aC,2.5
2026-05-18,Transformers: Age of Extinction,2014,https://boxd.it/3d1m,2.5
2026-05-18,Transformers: The Last Knight,2017,https://boxd.it/b8xo,2.5
