Date,Name,Year,Letterboxd URI
2023-04-30,Inception,2010,https://boxd.it/1skk
2023-04-30,Reservoir Dogs,1992,https://boxd.it/2agc
2023-04-30,Fight Club,1999,https://boxd.it/2a9q
2023-04-30,Captain America: The Winter Soldier,2014,https://boxd.it/3r58
2023-04-30,The Social Network,2010,https://boxd.it/17ue
2023-04-30,Venom,2018,https://boxd.it/b8wA
2023-04-30,Tenet,2020,https://boxd.it/leq4
2023-04-30,X-Men: First Class,2011,https://boxd.it/FOA
2023-04-30,The Fast and the Furious,2001,https://boxd.it/1XMu
2023-04-30,The Matrix,1999,https://boxd.it/2a1m
2023-04-30,The Nice Guys,2016,https://boxd.it/94Hg
2023-04-30,Once Upon a Time... in Hollywood,2019,https://boxd.it/gH0O
2023-04-30,Kingsman: The Secret Service,2014,https://boxd.it/6dxe
2023-04-30,There Will Be Blood,2007,https://boxd.it/20Z2
2023-04-30,War Dogs,2016,https://boxd.it/9SlO
2023-04-30,Drive,2011,https://boxd.it/IG
2023-04-30,Se7en,1995,https://boxd.it/29zs
2023-04-30,Zodiac,2007,https://boxd.it/27MO
2023-04-30,Gone Girl,2014,https://boxd.it/6hQu
2023-04-30,Django Unchained,2012,https://boxd.it/2cCk
2023-04-30,The Hateful Eight,2015,https://boxd.it/8gw8
2023-04-30,Inglourious Basterds,2009,https://boxd.it/1JzG
2023-04-30,Pulp Fiction,1994,https://boxd.it/29Pq
2023-04-30,Taxi Driver,1976,https://boxd.it/2b8y
2023-04-30,GoodFellas,1990,https://boxd.it/29FA
2023-04-30,Shutter Island,2010,https://boxd.it/1U82
2023-04-30,The Wolf of Wall Street,2013,https://boxd.it/3C1m
2023-04-30,The Dark Knight,2008,https://boxd.it/2b0k
2023-04-30,Memento,2000,https://boxd.it/2bcK
2023-04-30,Dunkirk,2017,https://boxd.it/d0Y6
2023-04-30,The Dark Knight Rises,2012,https://boxd.it/H3m
2023-04-30,Batman Begins,2005,https://boxd.it/2aIg
2023-04-30,Brothers,2009,https://boxd.it/20WW
2023-04-30,American History X,1998,https://boxd.it/2bdo
2023-04-30,Southpaw,2015,https://boxd.it/9Phu
2023-04-30,The Sixth Sense,1999,https://boxd.it/29Js
2023-04-30,The Gray Man,2022,https://boxd.it/rb7q
2023-04-30,The Place Beyond the Pines,2012,https://boxd.it/3mDu
2023-04-30,Parasite,2019,https://boxd.it/hTha
2023-04-30,Thor: Love and Thunder,2022,https://boxd.it/mMAY
2023-04-30,Dune,2021,https://boxd.it/fA7G
2023-04-30,Mad Max: Fury Road,2015,https://boxd.it/2DjO
2023-04-30,The Batman,2022,https://boxd.it/eDGs
2023-04-30,Joker,2019,https://boxd.it/h4cS
2023-04-30,Logan,2017,https://boxd.it/7Piy
2023-04-30,Baby Driver,2017,https://boxd.it/bhF2
2023-04-30,Blade Runner 2049,2017,https://boxd.it/b8wK
2023-04-30,Avengers: Infinity War,2018,https://boxd.it/9vEe
2023-04-30,Nightcrawler,2014,https://boxd.it/780m
2023-04-30,No Country for Old Men,2007,https://boxd.it/21ew
2023-04-30,Snowpiercer,2013,https://boxd.it/3Icg
2023-05-24,The Shawshank Redemption,1994,https://boxd.it/2aHi
2023-05-24,Apocalypse Now,1979,https://boxd.it/6ZS
2023-06-19,The Godfather,1972,https://boxd.it/2aNK
2023-06-20,The Revenant,2015,https://boxd.it/8H5e
2023-06-20,Scarface,1983,https://boxd.it/2b7g
2023-06-20,Scent of a Woman,1992,https://boxd.it/1YAu
2023-06-20,Watchmen,2009,https://boxd.it/1QE4
2023-06-20,The Devil's Advocate,1997,https://boxd.it/286k
2023-06-20,Heat,1995,https://boxd.it/2bg8
2023-06-20,Blade Runner,1982,https://boxd.it/2bcA
2023-06-20,The Menu,2022,https://boxd.it/lScm
2023-06-20,"I, Robot",2004,https://boxd.it/27y8
2023-06-20,Birdman or (The Unexpected Virtue of Ignorance),2014,https://boxd.it/5RFA
2023-06-20,Donnie Darko,2001,https://boxd.it/2b2A
2023-06-20,Léon: The Professional,1994,https://boxd.it/2b8S
2023-06-20,Interstellar,2014,https://boxd.it/4VZ8
2023-06-20,The Prestige,2006,https://boxd.it/293w
2023-06-20,Whiplash,2014,https://boxd.it/7bQA
2023-06-20,La La Land,2016,https://boxd.it/a5fa
2023-06-20,First Man,2018,https://boxd.it/cPym
2023-06-20,Casino Royale,2006,https://boxd.it/1alk
2023-06-22,Doctor Strange in the Multiverse of Madness,2022,https://boxd.it/gaTc
2023-06-22,The Matrix Resurrections,2021,https://boxd.it/n87k
2023-06-22,Prisoners,2013,https://boxd.it/4E5i
2023-06-22,Ambulance,2022,https://boxd.it/sFxg
2023-06-22,El Camino: A Breaking Bad Movie,2019,https://boxd.it/kv0q
2023-06-22,Avengers: Endgame,2019,https://boxd.it/9vE4
2023-06-22,Captain Marvel,2019,https://boxd.it/9vSA
2023-06-22,Glass,2019,https://boxd.it/g3uO
2023-06-22,Unbreakable,2000,https://boxd.it/1XV2
2023-06-22,Split,2016,https://boxd.it/dgSy
2023-06-22,Ready Player One,2018,https://boxd.it/aZes
2023-06-22,Black Panther,2018,https://boxd.it/8MHs
2023-06-22,Kingsman: The Golden Circle,2017,https://boxd.it/buJm
2023-06-22,Guardians of the Galaxy Vol. 2,2017,https://boxd.it/8MxC
2023-06-22,Fantastic Beasts and Where to Find Them,2016,https://boxd.it/7FPC
2023-06-22,Doctor Strange,2016,https://boxd.it/8MH8
2023-06-22,Captain America: Civil War,2016,https://boxd.it/89Ja
2023-06-22,Suicide Squad,2016,https://boxd.it/9row
2023-06-22,Deadpool,2016,https://boxd.it/9fOC
2023-06-22,The Hunger Games: Mockingjay – Part 2,2015,https://boxd.it/4hk0
2023-06-22,The Hunger Games: Mockingjay – Part 1,2014,https://boxd.it/4hka
2023-06-22,The Hunger Games: Catching Fire,2013,https://boxd.it/3sAw
2023-06-22,I Am Legend,2007,https://boxd.it/21DG
2023-06-22,The Hunger Games,2012,https://boxd.it/2uds
2023-06-22,Ant-Man,2015,https://boxd.it/3vmW
2023-06-22,Avengers: Age of Ultron,2015,https://boxd.it/3qi6
2023-06-22,John Wick,2014,https://boxd.it/7dEc
2023-06-22,The Maze Runner,2014,https://boxd.it/5YPM
2023-06-22,Guardians of the Galaxy,2014,https://boxd.it/3VH2
2023-06-22,Thor: The Dark World,2013,https://boxd.it/2DqA
2023-06-22,Captain America: The First Avenger,2011,https://boxd.it/28b0
2023-06-22,Iron Man 2,2010,https://boxd.it/1WZM
2023-06-22,Iron Man,2008,https://boxd.it/28dA
2023-06-22,Shrek 2,2004,https://boxd.it/29z8
2023-06-22,The Matrix Reloaded,2003,https://boxd.it/2a1c
2023-06-22,Finding Nemo,2003,https://boxd.it/72i
2023-06-22,The Matrix Revolutions,2003,https://boxd.it/2a12
2023-06-22,American Psycho,2000,https://boxd.it/28Vs
2023-06-22,La Haine,1995,https://boxd.it/2as8
2023-06-22,Comment c'est loin,2015,https://boxd.it/cHhM
2023-06-22,Sicario,2015,https://boxd.it/8i7u
2023-06-22,Sicario: Day of the Soldado,2018,https://boxd.it/e4fG
2023-06-22,Dawn of the Planet of the Apes,2014,https://boxd.it/3XyQ
2023-06-22,Looper,2012,https://boxd.it/ham
2023-06-22,The Avengers,2012,https://boxd.it/1xFW
2023-06-22,Rise of the Planet of the Apes,2011,https://boxd.it/cS4
2023-06-22,8 Mile,2002,https://boxd.it/2bew
2023-06-22,The Truman Show,1998,https://boxd.it/18U8
2023-06-22,Saving Private Ryan,1998,https://boxd.it/29ro
2023-06-22,John Wick: Chapter 4,2023,https://boxd.it/mh48
2023-06-22,Bullet Train,2022,https://boxd.it/qW26
2023-06-22,The King's Man,2021,https://boxd.it/h714
2023-06-22,John Wick: Chapter 2,2017,https://boxd.it/ayGu
2023-06-22,John Wick: Chapter 3 – Parabellum,2019,https://boxd.it/gmFw
2023-06-22,Black Widow,2021,https://boxd.it/hWV8
2023-06-22,6 Underground,2019,https://boxd.it/irU6
2023-06-22,Gemini Man,2019,https://boxd.it/gaUu
2023-06-22,The Platform,2019,https://boxd.it/mUm6
2023-06-22,Men in Black,1997,https://boxd.it/2a0I
2023-06-22,Men in Black II,2002,https://boxd.it/2a0y
2023-06-22,Men in Black 3,2012,https://boxd.it/103U
2023-06-22,Ant-Man and the Wasp,2018,https://boxd.it/cqUW
2023-06-22,Deadpool 2,2018,https://boxd.it/dlLM
2023-06-22,Maze Runner: The Death Cure,2018,https://boxd.it/bakw
2023-06-22,Thor: Ragnarok,2017,https://boxd.it/8MHi
2023-06-22,Maze Runner: The Scorch Trials,2015,https://boxd.it/9hwA
2023-06-22,The Martian,2015,https://boxd.it/8SeG
2023-06-22,Legend,2015,https://boxd.it/8qZY
2023-06-22,Fury,2014,https://boxd.it/6JwC
2023-06-22,The Equalizer,2014,https://boxd.it/4TUK
2023-06-22,X-Men: Days of Future Past,2014,https://boxd.it/4aRw
2023-06-22,The Wolverine,2013,https://boxd.it/2CWU
2023-06-22,Man of Steel,2013,https://boxd.it/FRk
2023-06-22,Thor,2011,https://boxd.it/1WQU
2023-06-22,The Incredible Hulk,2008,https://boxd.it/28dU
2023-06-22,Wanted,2008,https://boxd.it/1ZBS
2023-06-22,Training Day,2001,https://boxd.it/27A4
2023-06-22,X-Men: Apocalypse,2016,https://boxd.it/7eJi
2023-06-22,X-Men,2000,https://boxd.it/1a7s
2023-06-22,X2,2003,https://boxd.it/1a7i
2023-06-22,X-Men: The Last Stand,2006,https://boxd.it/1a5Q
2023-06-22,Dark Phoenix,2019,https://boxd.it/anyO
2023-06-22,X-Men Origins: Wolverine,2009,https://boxd.it/27ug
2023-06-22,Eternals,2021,https://boxd.it/j36o
2023-06-22,Iron Man 3,2013,https://boxd.it/2cBQ
2023-06-22,Shang-Chi and the Legend of the Ten Rings,2021,https://boxd.it/kLDI
2023-06-22,Back to the Future Part II,1989,https://boxd.it/2aYI
2023-06-22,Back to the Future Part III,1990,https://boxd.it/2aTS
2023-06-22,Back to the Future,1985,https://boxd.it/2b8e
2023-06-23,The Departed,2006,https://boxd.it/28MA
2023-06-23,The Suicide Squad,2021,https://boxd.it/fw6O
2023-06-24,Casino,1995,https://boxd.it/2ads
2023-06-26,Guy Ritchie's The Covenant,2023,https://boxd.it/xjcK
2023-06-30,Spider-Man: Far From Home,2019,https://boxd.it/fegG
2023-06-30,Spider-Man: No Way Home,2021,https://boxd.it/nwRw
2023-07-03,Nobody,2021,https://boxd.it/mLqS
2023-07-03,Spider-Man: Homecoming,2017,https://boxd.it/aboM
2023-07-04,Arrival,2016,https://boxd.it/aNGk
2023-07-05,Titanic,1997,https://boxd.it/2a2k
2023-07-06,Full Metal Jacket,1987,https://boxd.it/2a1Q
2023-07-06,In Time,2011,https://boxd.it/FPS
2023-07-06,"Love, Death & Robots: Bad Travelling",2022,https://boxd.it/BykM
2023-07-07,Carlito's Way,1993,https://boxd.it/226e
2023-07-08,Batman v Superman: Dawn of Justice,2016,https://boxd.it/6fBW
2023-07-09,The Big Short,2015,https://boxd.it/ajZw
2023-07-09,Get Out,2017,https://boxd.it/eOCm
2023-07-11,Midsommar,2019,https://boxd.it/jhxe
2023-07-15,Sound of Metal,2019,https://boxd.it/i7Q4
2023-07-17,Clean,2021,https://boxd.it/pKXC
2023-07-17,Detachment,2011,https://boxd.it/2BiY
2023-07-17,Kate,2021,https://boxd.it/m2qy
2023-07-17,Tom Clancy's Without Remorse,2021,https://boxd.it/kNyA
2023-07-18,Schindler's List,1993,https://boxd.it/2aq2
2023-07-19,Catch Me If You Can,2002,https://boxd.it/29VS
2023-07-23,Manchester by the Sea,2016,https://boxd.it/b2L0
2023-07-23,Hacksaw Ridge,2016,https://boxd.it/azew
2023-07-25,Oppenheimer,2023,https://boxd.it/wUow
2023-07-25,Barbie,2023,https://boxd.it/bCLK
2023-07-31,Enemy,2013,https://boxd.it/5xtO
2023-08-01,A Quiet Place,2018,https://boxd.it/fVJQ
2023-08-02,A Quiet Place Part II,2020,https://boxd.it/iTx0
2023-08-04,The Northman,2022,https://boxd.it/nK2s
2023-08-05,The Assassination of Jesse James by the Coward Robert Ford,2007,https://boxd.it/24dG
2023-08-22,The Lego Movie,2014,https://boxd.it/4pDO
2023-08-22,Warcraft,2016,https://boxd.it/2czK
2023-09-21,The Irishman,2019,https://boxd.it/dYOq
2023-09-23,Jarhead,2005,https://boxd.it/70m
2023-09-28,Venom: Let There Be Carnage,2021,https://boxd.it/llco
2023-10-22,Babylon,2022,https://boxd.it/mM02
2023-10-23,Children of Men,2006,https://boxd.it/1Y2i
2023-10-26,The Gentlemen,2019,https://boxd.it/iYBQ
2023-10-27,The Grand Budapest Hotel,2014,https://boxd.it/3ZqO
2023-10-27,Sisu,2022,https://boxd.it/vHpu
2023-10-29,Bronson,2008,https://boxd.it/1GM8
2023-11-12,Knives Out,2019,https://boxd.it/jWEA
2023-11-13,All Quiet on the Western Front,2022,https://boxd.it/H08
2023-11-14,Jackie Brown,1997,https://boxd.it/2aVO
2023-11-15,End of Watch,2012,https://boxd.it/2F5O
2023-11-16,The Killer,2023,https://boxd.it/u6WE
2023-11-20,The Master,2012,https://boxd.it/2cBG
2023-11-20,Kill Bill: Vol. 1,2003,https://boxd.it/70w
2023-11-24,Source Code,2011,https://boxd.it/fdo
2023-11-25,The Pursuit of Happyness,2006,https://boxd.it/28PE
2023-11-26,The Pianist,2002,https://boxd.it/2aqc
2023-11-27,Taken,2008,https://boxd.it/1ZXa
2023-12-13,Incendies,2010,https://boxd.it/Msm
2023-12-14,Gran Torino,2008,https://boxd.it/1Qzy
2023-12-24,Oldboy,2003,https://boxd.it/29R2
2023-12-25,2001: A Space Odyssey,1968,https://boxd.it/2bf0
2023-12-25,Gladiator,2000,https://boxd.it/2b9m
2023-12-26,Pirates of the Caribbean: The Curse of the Black Pearl,2003,https://boxd.it/70G
2023-12-27,Pirates of the Caribbean: Dead Man's Chest,2006,https://boxd.it/2bfk
2023-12-28,Pirates of the Caribbean: At World's End,2007,https://boxd.it/2aGu
2023-12-29,Pirates of the Caribbean: On Stranger Tides,2011,https://boxd.it/27Z4
2023-12-30,Pirates of the Caribbean: Dead Men Tell No Tales,2017,https://boxd.it/5a9m
2023-12-31,Alien,1979,https://boxd.it/2awY
2024-01-01,Zombieland,2009,https://boxd.it/1En6
2024-01-01,300,2006,https://boxd.it/28XI
2024-01-02,The Machinist,2004,https://boxd.it/248c
2024-01-02,Only God Forgives,2013,https://boxd.it/2HBs
2024-01-03,1917,2019,https://boxd.it/jj4y
2024-01-07,Ready or Not,2019,https://boxd.it/kOf0
2024-01-07,Zombieland: Double Tap,2019,https://boxd.it/bgb6
2024-01-10,A Ghost Story,2017,https://boxd.it/fb0K
2024-01-11,Yannick,2023,https://boxd.it/G2es
2024-01-11,Room,2015,https://boxd.it/7T0y
2024-01-12,Gravity,2013,https://boxd.it/GZY
2024-01-13,The Lighthouse,2019,https://boxd.it/icFU
2024-01-14,"The French Dispatch of the Liberty, Kansas Evening Sun",2021,https://boxd.it/jLP8
2024-01-14,The Father,2020,https://boxd.it/m8Ie
2024-01-15,Society of the Snow,2023,https://boxd.it/y9aw
2024-01-16,Spider-Man,2002,https://boxd.it/2a8i
2024-01-17,Spider-Man 2,2004,https://boxd.it/2a88
2024-01-18,Spider-Man 3,2007,https://boxd.it/2a7Y
2024-01-20,The Amazing Spider-Man,2012,https://boxd.it/27PI
2024-01-20,The Amazing Spider-Man 2,2014,https://boxd.it/3utM
2024-01-21,City of God,2002,https://boxd.it/2a2a
2024-01-21,Ratatouille,2007,https://boxd.it/27ww
2024-01-22,Lady Bird,2017,https://boxd.it/dGNE
2024-01-22,The Silence of the Lambs,1991,https://boxd.it/2aHW
2024-01-23,Forrest Gump,1994,https://boxd.it/728
2024-01-24,Memories of Murder,2003,https://boxd.it/1TSo
2024-01-25,The Shining,1980,https://boxd.it/29Nu
2024-01-26,Black Swan,2010,https://boxd.it/Sw0
2024-01-27,Jojo Rabbit,2019,https://boxd.it/iEBG
2024-01-28,Hannibal,2001,https://boxd.it/1XVc
2024-01-29,Good Time,2017,https://boxd.it/fcFu
2024-01-30,Napoleon,2023,https://boxd.it/shJM
2024-01-31,The Hunt,2012,https://boxd.it/3wEC
2024-02-01,Requiem for a Dream,2000,https://boxd.it/29VI
2024-02-02,Panic Room,2002,https://boxd.it/2490
2024-02-03,The Green Mile,1999,https://boxd.it/2agG
2024-02-04,Another Round,2020,https://boxd.it/lkba
2024-02-05,Collateral,2004,https://boxd.it/28F0
2024-02-06,Riders of Justice,2020,https://boxd.it/oHQc
2024-02-07,Donnie Brasco,1997,https://boxd.it/1YRA
2024-02-08,Killers of the Flower Moon,2023,https://boxd.it/gHp0
2024-02-09,Swiss Army Man,2016,https://boxd.it/bDG2
2024-02-10,The Insider,1999,https://boxd.it/1ZoE
2024-02-12,Gangster Squad,2013,https://boxd.it/2TVa
2024-02-12,Moonlight,2016,https://boxd.it/d6bE
2024-02-13,The Game,1997,https://boxd.it/26vC
2024-02-14,Manhunter,1986,https://boxd.it/1TOw
2024-02-15,Glass Onion,2022,https://boxd.it/oCkK
2024-02-16,Jurassic Park,1993,https://boxd.it/2aA2
2024-02-17,The Lost World: Jurassic Park,1997,https://boxd.it/2azS
2024-02-18,Jurassic Park III,2001,https://boxd.it/2azI
2024-02-19,Jurassic World,2015,https://boxd.it/4n0g
2024-02-20,Jurassic World: Fallen Kingdom,2018,https://boxd.it/bOnU
2024-02-21,Jurassic World Dominion,2022,https://boxd.it/ikXW
2024-02-22,The Aviator,2004,https://boxd.it/26BU
2024-02-23,Us,2019,https://boxd.it/gnV6
2024-02-24,The Tree of Life,2011,https://boxd.it/1Zu8
2024-02-25,Insomnia,2002,https://boxd.it/2aB0
2024-02-26,Gangs of New York,2002,https://boxd.it/25FG
2024-02-27,Miami Vice,2006,https://boxd.it/2bbW
2024-02-28,All Your Faces,2023,https://boxd.it/BOP2
2024-02-29,Cruella,2021,https://boxd.it/bbKg
2024-03-01,Junkyard Dog,2023,https://boxd.it/A9H0
2024-03-02,Thief,1981,https://boxd.it/1TEc
2024-03-03,Hostiles,2017,https://boxd.it/dpiO
2024-03-04,Shot Caller,2017,https://boxd.it/bihA
2024-03-05,Don't Look Up,2021,https://boxd.it/o0Hc
2024-03-06,Uncut Gems,2019,https://boxd.it/gXGc
2024-03-07,Rocky,1976,https://boxd.it/28Uk
2024-03-08,Rocky II,1979,https://boxd.it/28Ua
2024-03-10,Rocky III,1982,https://boxd.it/28Tw
2024-03-10,Once Upon a Time in America,1984,https://boxd.it/2aCs
2024-03-11,Rocky IV,1985,https://boxd.it/28T2
2024-03-12,Rocky V,1990,https://boxd.it/28SS
2024-03-13,Rocky Balboa,2006,https://boxd.it/291q
2024-03-14,Creed,2015,https://boxd.it/a2qk
2024-03-15,Creed II,2018,https://boxd.it/hgl8
2024-03-16,Creed III,2023,https://boxd.it/pf68
2024-03-17,Fast & Furious Presents: Hobbs & Shaw,2019,https://boxd.it/dnDA
2024-03-17,Pacific Rim,2013,https://boxd.it/2cB2
2024-03-18,Babel,2006,https://boxd.it/292o
2024-03-19,Argo,2012,https://boxd.it/2czU
2024-03-20,The Guilty,2021,https://boxd.it/kOPW
2024-03-23,Ford v Ferrari,2019,https://boxd.it/ce74
2024-03-25,Beau Is Afraid,2023,https://boxd.it/u2gE
2024-03-26,A Hidden Life,2019,https://boxd.it/eb1Q
2024-03-27,Ex Machina,2015,https://boxd.it/7T2k
2024-03-28,Road House,2024,https://boxd.it/cdzQ
2024-03-29,The Big Lebowski,1998,https://boxd.it/2b6C
2024-03-30,Poor Things,2023,https://boxd.it/tNWU
2024-03-31,Unbroken,2014,https://boxd.it/6IaA
2024-04-01,The Imitation Game,2014,https://boxd.it/6aig
2024-04-02,Dallas Buyers Club,2013,https://boxd.it/4O8G
2024-04-03,Nope,2022,https://boxd.it/sDCe
2024-04-04,The Witch,2015,https://boxd.it/9X0m
2024-04-05,Finch,2021,https://boxd.it/iXBq
2024-04-06,The Girl with the Dragon Tattoo,2011,https://boxd.it/2Pa
2024-04-07,Harry Potter and the Philosopher's Stone,2001,https://boxd.it/29QS
2024-04-08,Harry Potter and the Chamber of Secrets,2002,https://boxd.it/29QI
2024-04-09,Harry Potter and the Prisoner of Azkaban,2004,https://boxd.it/29Qy
2024-04-10,Harry Potter and the Goblet of Fire,2005,https://boxd.it/29Qo
2024-04-11,Harry Potter and the Order of the Phoenix,2007,https://boxd.it/29Qe
2024-04-12,Harry Potter and the Half-Blood Prince,2009,https://boxd.it/29FU
2024-04-13,Harry Potter and the Deathly Hallows: Part 1,2010,https://boxd.it/1RYu
2024-04-14,Harry Potter and the Deathly Hallows: Part 2,2011,https://boxd.it/1RYk
2024-04-16,Ferrari,2023,https://boxd.it/cEtq
2024-04-16,The Wolf's Call,2019,https://boxd.it/hqkE
2024-04-17,Don't Be a Menace to South Central While Drinking Your Juice in the Hood,1996,https://boxd.it/1VQa
2024-04-18,The Thin Red Line,1998,https://boxd.it/1ZTM
2024-04-19,The Creator,2023,https://boxd.it/oXWq
2024-04-20,Nocturnal Animals,2016,https://boxd.it/bkFu
2024-04-21,Kill Bill: Vol. 2,2004,https://boxd.it/2au4
2024-04-22,The Wonderful Story of Henry Sugar,2023,https://boxd.it/yNyo
2024-04-23,The Boy in the Striped Pyjamas,2008,https://boxd.it/1NOK
2024-04-24,Don't Breathe,2016,https://boxd.it/9yzw
2024-04-25,Don't Breathe 2,2021,https://boxd.it/hla0
2024-04-26,28 Days Later,2002,https://boxd.it/2aXU
2024-04-27,28 Weeks Later,2007,https://boxd.it/28Bi
2024-04-28,Twelve Monkeys,1995,https://boxd.it/2beQ
2024-04-29,Nightmare Alley,2021,https://boxd.it/m0HC
2024-04-30,Monkey Man,2024,https://boxd.it/kvsO
2024-05-01,The Mist,2007,https://boxd.it/22r2
2024-05-02,Fantastic Mr. Fox,2009,https://boxd.it/1WyQ
2024-05-03,Edge of Tomorrow,2014,https://boxd.it/4pD0
2024-05-04,The Road,2009,https://boxd.it/1CWI
2024-05-05,Irreversible,2002,https://boxd.it/29as
2024-05-05,Lucy,2014,https://boxd.it/75hu
2024-05-06,Papillon,2017,https://boxd.it/fnvK
2024-05-07,Lion,2016,https://boxd.it/b2La
2024-05-08,10 Cloverfield Lane,2016,https://boxd.it/aZiu
2024-05-09,Extraction,2020,https://boxd.it/jUjA
2024-05-10,Extraction 2,2023,https://boxd.it/q4Zo
2024-05-11,Saw,2004,https://boxd.it/2aWW
2024-05-11,Saw II,2005,https://boxd.it/2aRs
2024-05-12,Saw III,2006,https://boxd.it/2aRC
2024-05-13,Saw IV,2007,https://boxd.it/29Sa
2024-05-17,Saw V,2008,https://boxd.it/1SMa
2024-05-17,Saw VI,2009,https://boxd.it/1A2y
2024-05-18,Saw 3D,2010,https://boxd.it/Znk
2024-05-18,Jigsaw,2017,https://boxd.it/9sDs
2024-05-19,Spiral: From the Book of Saw,2021,https://boxd.it/meXk
2024-05-20,Saw X,2023,https://boxd.it/zUWk
2024-05-21,American Gangster,2007,https://boxd.it/23wi
2024-05-22,Aftersun,2022,https://boxd.it/Arw0
2024-05-23,The Pale Blue Eye,2022,https://boxd.it/u8tk
2024-05-24,Final Destination,2000,https://boxd.it/1YrC
2024-05-25,Death Proof,2007,https://boxd.it/27GG
2024-05-26,White Boy Rick,2018,https://boxd.it/fAwG
2024-05-27,Million Dollar Baby,2004,https://boxd.it/2bdI
2024-05-28,Her,2013,https://boxd.it/4O24
2024-05-29,Snatch,2000,https://boxd.it/2b7U
2024-05-30,Talk to Me,2022,https://boxd.it/C6uQ
2024-05-31,The Fall Guy,2024,https://boxd.it/s0Bm
2024-06-01,The Terminator,1984,https://boxd.it/2aQY
2024-06-02,Unthinkable,2010,https://boxd.it/16y0
2024-06-03,Terminator 2: Judgment Day,1991,https://boxd.it/2aGY
2024-06-04,Terminator 3: Rise of the Machines,2003,https://boxd.it/2aES
2024-06-05,Terminator Salvation,2009,https://boxd.it/2abQ
2024-06-06,Terminator Genisys,2015,https://boxd.it/35s0
2024-06-08,Terminator: Dark Fate,2019,https://boxd.it/96YI
2024-06-09,Suspiria,1977,https://boxd.it/1SNW
2024-06-10,Civil War,2024,https://boxd.it/z1jW
2024-06-11,Amélie,2001,https://boxd.it/2aUc
2024-06-12,The Holdovers,2023,https://boxd.it/vHza
2024-06-13,I Saw the Devil,2010,https://boxd.it/FaK
2024-06-14,V for Vendetta,2005,https://boxd.it/29Ik
2024-06-15,Little Miss Sunshine,2006,https://boxd.it/29EW
2024-06-16,Demolition,2015,https://boxd.it/9GuY
2024-06-17,Public Enemies,2009,https://boxd.it/1U8m
2024-06-18,The Iron Claw,2023,https://boxd.it/w5Pm
2024-06-19,Challengers,2024,https://boxd.it/zld0
2024-06-20,12 Years a Slave,2013,https://boxd.it/2D2e
2024-06-21,Captain Fantastic,2016,https://boxd.it/b2K2
2024-06-22,The Whale,2022,https://boxd.it/tw4c
2024-06-23,A Man Called Otto,2022,https://boxd.it/zl06
2024-06-25,Munich,2005,https://boxd.it/2a0e
2024-06-26,Army of Thieves,2021,https://boxd.it/tYai
2024-06-27,Furiosa: A Mad Max Saga,2024,https://boxd.it/tABk
2024-07-01,Now Where Did the Seventh Company Get to?,1973,https://boxd.it/3fYg
2024-07-01,The Seventh Company Has Been Found,1975,https://boxd.it/e65S
2024-07-01,The Seventh Company Outdoors,1977,https://boxd.it/oJy
2024-07-02,The Equalizer 2,2018,https://boxd.it/bAEW
2024-07-02,American Sniper,2014,https://boxd.it/5LDy
2024-07-03,The Intouchables,2011,https://boxd.it/2FT0
2024-07-04,mother!,2017,https://boxd.it/dgRU
2024-07-05,The Equalizer 3,2023,https://boxd.it/yU54
2024-07-06,The Book of Eli,2010,https://boxd.it/1Dnu
2024-07-08,Scream,1996,https://boxd.it/24EC
2024-07-09,Scream 2,1997,https://boxd.it/24Es
2024-07-10,Scream 3,2000,https://boxd.it/24Ei
2024-07-11,Scream 4,2011,https://boxd.it/Zmc
2024-07-12,Scream,2022,https://boxd.it/o0lg
2024-07-13,Scream VI,2023,https://boxd.it/zdfW
2024-07-16,War for the Planet of the Apes,2017,https://boxd.it/8FE2
2024-07-17,Kingdom of the Planet of the Apes,2024,https://boxd.it/ohEE
2024-07-18,The Bikeriders,2023,https://boxd.it/C6Ym
2024-07-19,It Follows,2014,https://boxd.it/87wo
2024-07-20,"I, Tonya",2017,https://boxd.it/dzR0
2024-07-20,"O Brother, Where Art Thou?",2000,https://boxd.it/2b3I
2024-07-21,The Zone of Interest,2023,https://boxd.it/gJsA
2024-07-22,Primal Fear,1996,https://boxd.it/28ws
2024-07-23,Killing Them Softly,2012,https://boxd.it/IQ
2024-07-24,[REC],2007,https://boxd.it/20ma
2024-07-25,Sin City,2005,https://boxd.it/2aVk
2024-07-26,Mystic River,2003,https://boxd.it/2aAG
2024-07-27,Kingdom of Heaven,2005,https://boxd.it/28Gs
2024-07-28,The Florida Project,2017,https://boxd.it/dMG0
2024-07-29,Cast Away,2000,https://boxd.it/20i8
2024-07-30,World War Z,2013,https://boxd.it/2p2E
2024-07-31,It,2017,https://boxd.it/bC8e
2024-08-01,Good Will Hunting,1997,https://boxd.it/2ahY
2024-08-02,Cloverfield,2008,https://boxd.it/2192
2024-08-03,Lost in Translation,2003,https://boxd.it/2b0E
2024-08-04,Into the Wild,2007,https://boxd.it/22m2
2024-08-05,The Town,2010,https://boxd.it/1zyS
2024-08-06,Dog Pound,2010,https://boxd.it/TfE
2024-08-07,The World Is Yours,2018,https://boxd.it/iehq
2024-08-08,Dogtooth,2009,https://boxd.it/158K
2024-08-09,X,2022,https://boxd.it/sxVa
2024-08-10,Pearl,2022,https://boxd.it/zPbe
2024-08-11,MaXXXine,2024,https://boxd.it/CIM4
2024-08-12,Ad Astra,2019,https://boxd.it/ePzI
2024-08-14,Asteroid City,2023,https://boxd.it/s3ds
2024-08-14,Climax,2018,https://boxd.it/ikvo
2024-08-15,Hereditary,2018,https://boxd.it/hNVe
2024-08-16,Saltburn,2023,https://boxd.it/z4eg
2024-08-17,The Fabelmans,2022,https://boxd.it/ugoM
2024-08-19,Dune: Part Two,2024,https://boxd.it/pUfA
2024-08-20,The Animal Kingdom,2023,https://boxd.it/zzJk
2024-08-21,Okja,2017,https://boxd.it/dvXe
2024-08-22,Warrior,2011,https://boxd.it/i3G
2024-08-23,Cure,1997,https://boxd.it/1blA
2024-08-24,The Usual Suspects,1995,https://boxd.it/29XE
2024-08-25,The Others,2001,https://boxd.it/27Po
2024-08-26,A Prophet,2009,https://boxd.it/1BGE
2024-08-27,A Quiet Place: Day One,2024,https://boxd.it/sDAi
2024-08-28,Minority Report,2002,https://boxd.it/2aWi
2024-08-29,Train to Busan,2016,https://boxd.it/dSQU
2024-08-30,Inside Llewyn Davis,2013,https://boxd.it/34Ro
2024-08-31,Sonic the Hedgehog,2020,https://boxd.it/gdK8
2024-08-31,Longlegs,2024,https://boxd.it/KzLM
2024-09-01,Fargo,1996,https://boxd.it/2aHM
2024-09-02,The Curious Case of Benjamin Button,2008,https://boxd.it/23Fk
2024-09-03,Rush,2013,https://boxd.it/3lyS
2024-09-04,Buried,2010,https://boxd.it/1tXC
2024-09-05,Kinds of Kindness,2024,https://boxd.it/CWPw
2024-09-07,Twisters,2024,https://boxd.it/qV7a
2024-09-08,Vice,2018,https://boxd.it/fcFY
2024-09-09,The Green Knight,2021,https://boxd.it/kuy2
2024-09-11,2 Fast 2 Furious,2003,https://boxd.it/2a4g
2024-09-12,The Fast and the Furious: Tokyo Drift,2006,https://boxd.it/1Yeo
2024-09-13,Fast & Furious,2009,https://boxd.it/1Pnm
2024-09-14,Fast Five,2011,https://boxd.it/BgO
2024-09-15,Fast & Furious 6,2013,https://boxd.it/2UG6
2024-09-16,Furious 7,2015,https://boxd.it/5cVs
2024-09-17,The Fate of the Furious,2017,https://boxd.it/bbCw
2024-09-19,F9,2021,https://boxd.it/dqsU
2024-09-21,Fast X,2023,https://boxd.it/drIu
2024-09-21,Lord of War,2005,https://boxd.it/284y
2024-09-22,Serpico,1973,https://boxd.it/1ZjE
2024-09-23,Anatomy of a Fall,2023,https://boxd.it/yuDE
2024-09-24,Predestination,2014,https://boxd.it/6bJM
2024-09-25,Moon,2009,https://boxd.it/1IGQ
2024-09-26,Trap,2024,https://boxd.it/D4nK
2024-09-28,Raiders of the Lost Ark,1981,https://boxd.it/2bbs
2024-09-29,Indiana Jones and the Temple of Doom,1984,https://boxd.it/2bb8
2024-09-30,Indiana Jones and the Last Crusade,1989,https://boxd.it/2baO
2024-09-30,Indiana Jones and the Kingdom of the Crystal Skull,2008,https://boxd.it/2aR8
2024-10-01,Indiana Jones and the Dial of Destiny,2023,https://boxd.it/b8vM
2024-10-02,In a Violent Nature,2024,https://boxd.it/K5eI
2024-10-03,Fallen Angels,1995,https://boxd.it/1UkW
2024-10-05,The Black Phone,2021,https://boxd.it/sqFE
2024-10-07,The Killing of a Sacred Deer,2017,https://boxd.it/dZ5G
2024-10-09,Pawn Sacrifice,2014,https://boxd.it/7dlE
2024-10-10,Top Gun,1986,https://boxd.it/29JC
2024-10-11,Top Gun: Maverick,2022,https://boxd.it/cjr4
2024-10-11,You Were Never Really Here,2017,https://boxd.it/dWOS
2024-10-12,Life,2017,https://boxd.it/dRqG
2024-10-13,The Platform 2,2024,https://boxd.it/Gz88
2024-10-14,Captain Phillips,2013,https://boxd.it/3GPK
2024-10-15,Jaws,1975,https://boxd.it/2a5e
2024-10-16,Psycho,1960,https://boxd.it/2ab2
2024-10-18,Last Night in Soho,2021,https://boxd.it/lbJC
2024-10-19,The Visitors,1993,https://boxd.it/1TeI
2024-10-20,Eternal Sunshine of the Spotless Mind,2004,https://boxd.it/6YK
2024-10-21,The Lord of the Rings: The Fellowship of the Ring,2001,https://boxd.it/2b5O
2024-10-22,The Lord of the Rings: The Two Towers,2002,https://boxd.it/2b5E
2024-10-23,The Lord of the Rings: The Return of the King,2003,https://boxd.it/2b5u
2024-10-24,The Hobbit: An Unexpected Journey,2012,https://boxd.it/GZk
2024-10-25,The Hobbit: The Desolation of Smaug,2013,https://boxd.it/nmS
2024-10-26,The Hobbit: The Battle of the Five Armies,2014,https://boxd.it/43aU
2024-10-27,Dead Poets Society,1989,https://boxd.it/2aSg
2024-10-28,Mulholland Drive,2001,https://boxd.it/297o
2024-10-29,The Substance,2024,https://boxd.it/zanS
2024-10-30,Speak No Evil,2022,https://boxd.it/vqlg
2024-10-31,Infested,2023,https://boxd.it/Egl4
2024-11-01,The Conjuring,2013,https://boxd.it/4sr2
2024-11-02,Come and See,1985,https://boxd.it/1w9q
2024-11-03,Aliens,1986,https://boxd.it/29PA
2024-11-04,Alien³,1992,https://boxd.it/20zS
2024-11-06,Alien Resurrection,1997,https://boxd.it/20zI
2024-11-06,Prometheus,2012,https://boxd.it/2s9e
2024-11-07,Alien: Covenant,2017,https://boxd.it/49UY
2024-11-08,Alien: Romulus,2024,https://boxd.it/zGqO
2024-11-09,The Beasts,2022,https://boxd.it/w1L6
2024-11-10,Joker: Folie à Deux,2024,https://boxd.it/xBoE
2024-11-12,Everything Everywhere All at Once,2022,https://boxd.it/jUk4
2024-11-12,Barbarian,2022,https://boxd.it/yohi
2024-11-13,The Handmaiden,2016,https://boxd.it/948A
2024-11-14,Eyes Wide Shut,1999,https://boxd.it/2axs
2024-11-15,Deadpool & Wolverine,2024,https://boxd.it/jq8s
2024-11-17,Blood Diamond,2006,https://boxd.it/28Tm
2024-11-17,Awakenings,1990,https://boxd.it/1USu
2024-11-18,A Clockwork Orange,1971,https://boxd.it/2aVE
2024-11-19,"Paris, Texas",1984,https://boxd.it/29Ts
2024-11-20,Green Book,2018,https://boxd.it/hErk
2024-11-21,The Count of Monte Cristo,2024,https://boxd.it/F1Nk
2024-11-22,Silence,2016,https://boxd.it/2cAo
2024-11-23,Past Lives,2023,https://boxd.it/oNB8
2024-11-24,Shoplifters,2018,https://boxd.it/ifY6
2024-11-26,The Godfather Part II,1974,https://boxd.it/2aNq
2024-11-27,The Godfather Part III,1990,https://boxd.it/2aN6
2024-11-28,Dog Day Afternoon,1975,https://boxd.it/29bg
2024-11-29,Life Is Beautiful,1997,https://boxd.it/29Wm
2024-11-30,Love Lies Bleeding,2024,https://boxd.it/zN4q
2024-12-01,Inside Man,2006,https://boxd.it/2auS
2024-12-02,American Beauty,1999,https://boxd.it/71Y
2024-12-03,A Most Violent Year,2014,https://boxd.it/75Va
2024-12-04,Megalopolis,2024,https://boxd.it/lPBS
2024-12-05,Shame,2011,https://boxd.it/2CxU
2024-12-06,Conclave,2024,https://boxd.it/AO8q
2024-12-07,The Favourite,2018,https://boxd.it/d2hI
2024-12-08,Juror #2,2024,https://boxd.it/FRwU
2024-12-09,The Lobster,2015,https://boxd.it/7tnw
2024-12-10,Night at the Museum,2006,https://boxd.it/28wi
2024-12-11,Night at the Museum: Battle of the Smithsonian,2009,https://boxd.it/1H7U
2024-12-12,Night at the Museum: Secret of the Tomb,2014,https://boxd.it/5x3m
2024-12-13,The Chorus,2004,https://boxd.it/22X8
2024-12-14,Army of Shadows,1969,https://boxd.it/1Mli
2024-12-15,Little Women,2019,https://boxd.it/aSVk
2024-12-16,Call Me by Your Name,2017,https://boxd.it/dYmm
2024-12-17,Raw,2016,https://boxd.it/dLd2
2024-12-18,Stalker,1979,https://boxd.it/28PO
2024-12-19,Minari,2020,https://boxd.it/mL9M
2024-12-20,Dream Scenario,2023,https://boxd.it/v2h0
2024-12-21,Anora,2024,https://boxd.it/Egcw
2024-12-22,The Apprentice,2024,https://boxd.it/IPqG
2024-12-23,Ocean's Eleven,2001,https://boxd.it/2aZm
2024-12-24,Waves,2019,https://boxd.it/jpmy
2024-12-25,Avatar,2009,https://boxd.it/1Efm
2024-12-26,Avatar: The Way of Water,2022,https://boxd.it/2E2E
2024-12-27,Small Things Like These,2024,https://boxd.it/FHIm
2024-12-28,Platoon,1986,https://boxd.it/29BS
2024-12-29,Emilia Pérez,2024,https://boxd.it/AP3G
2024-12-30,The Sisters Brothers,2018,https://boxd.it/fDFm
2024-12-31,Gladiator II,2024,https://boxd.it/kqQQ
2025-01-01,King Kong,2005,https://boxd.it/2aLa
2025-01-04,We Live in Time,2024,https://boxd.it/FC5u
2025-01-16,Magnolia,1999,https://boxd.it/2aze
2025-01-27,The Banshees of Inisherin,2022,https://boxd.it/p7XS
2025-02-02,A Different Man,2024,https://boxd.it/BoEC
2025-02-04,Sing Sing,2023,https://boxd.it/HIBA
2025-02-05,Upgrade,2018,https://boxd.it/i4gW
2025-02-12,Night Call,2024,https://boxd.it/BQBw
2025-02-13,The Devil Wears Prada,2006,https://boxd.it/2awE
2025-02-18,Perfect Days,2023,https://boxd.it/ATh8
2025-02-28,Souleymane's Story,2024,https://boxd.it/HQVy
2025-03-04,The Brutalist,2024,https://boxd.it/k4BO
2025-03-08,A Real Pain,2024,https://boxd.it/CjNG
2025-03-17,Nickel Boys,2024,https://boxd.it/CStQ
2025-03-18,Companion,2025,https://boxd.it/F04o
2025-03-22,Heretic,2024,https://boxd.it/H1lY
2025-04-08,Mickey 17,2025,https://boxd.it/q1Dk
2025-04-11,A History of Violence,2005,https://boxd.it/2bfa
2025-04-12,Constantine,2005,https://boxd.it/2a7E
2025-04-13,At Eternity's Gate,2018,https://boxd.it/hI40
2025-05-07,The Raid,2011,https://boxd.it/3hBy
2025-05-10,Candyman,2021,https://boxd.it/kHFg
2025-05-12,Escape from Alcatraz,1979,https://boxd.it/1Vwk
2025-05-31,Wind River,2017,https://boxd.it/dR3i
2025-06-09,The Judge,2014,https://boxd.it/6aiU
2025-06-11,Moneyball,2011,https://boxd.it/glS
2025-06-13,Annihilation,2018,https://boxd.it/9yzm
2025-06-15,The Thing,1982,https://boxd.it/294O
2025-06-18,The Accountant,2016,https://boxd.it/9EhI
2025-06-19,The Accountant²,2025,https://boxd.it/wOm0
2025-06-21,28 Years Later,2025,https://boxd.it/FEGM
2025-06-22,Sherlock Holmes,2009,https://boxd.it/1W2A
2025-06-23,Sherlock Holmes: A Game of Shadows,2011,https://boxd.it/k3S
2025-06-27,The Phoenician Scheme,2025,https://boxd.it/H0Ca
2025-06-27,BlacKkKlansman,2018,https://boxd.it/hxL8
2025-06-30,Sinners,2025,https://boxd.it/KQMM
2025-07-01,F1,2025,https://boxd.it/yjVM
2025-07-07,District 9,2009,https://boxd.it/1Iik
2025-07-08,Ballerina,2025,https://boxd.it/jKqG
2025-07-09,Warfare,2025,https://boxd.it/LbRo
2025-07-13,Thunderbolts*,2025,https://boxd.it/BfbQ
2025-07-15,Captain America: Brave New World,2025,https://boxd.it/uYDm
2025-07-17,Black Panther: Wakanda Forever,2022,https://boxd.it/igPu
2025-07-18,Man on Fire,2004,https://boxd.it/1Yvk
2025-07-19,John Q,2002,https://boxd.it/205S
2025-07-20,Guardians of the Galaxy Vol. 3,2023,https://boxd.it/fVNI
2025-07-21,The Guardians of the Galaxy Holiday Special,2022,https://boxd.it/t77K
2025-07-21,Ocean's Twelve,2004,https://boxd.it/2aZ2
2025-07-22,Ocean's Thirteen,2007,https://boxd.it/2aEy
2025-07-23,The Greatest Showman,2017,https://boxd.it/acjI
2025-07-25,The Day After Tomorrow,2004,https://boxd.it/2aog
2025-07-27,Pan's Labyrinth,2006,https://boxd.it/28No
2025-07-27,The Shape of Water,2017,https://boxd.it/dZ5m
2025-07-28,A Beautiful Mind,2001,https://boxd.it/2amk
2025-07-30,Just Mercy,2019,https://boxd.it/iXj2
2025-07-30,Out of the Furnace,2013,https://boxd.it/572i
2025-08-09,Downfall,2004,https://boxd.it/2a04
2025-08-10,It Chapter Two,2019,https://boxd.it/h10u
2025-08-12,The Terminal,2004,https://boxd.it/2a2O
2025-08-14,Mission: Impossible,1996,https://boxd.it/29d2
2025-08-15,Mission: Impossible II,2000,https://boxd.it/29cS
2025-08-15,Mission: Impossible III,2006,https://boxd.it/29cI
2025-08-16,Mission: Impossible – Ghost Protocol,2011,https://boxd.it/psI
2025-08-18,Mission: Impossible – Rogue Nation,2015,https://boxd.it/5rI4
2025-08-20,Mission: Impossible – Fallout,2018,https://boxd.it/bSVc
2025-08-21,Mission: Impossible – Dead Reckoning,2023,https://boxd.it/l7zS
2025-08-24,Mission: Impossible – The Final Reckoning,2025,https://boxd.it/l7A2
2025-08-25,Das Boot,1981,https://boxd.it/2av2
2025-08-27,Superman,2025,https://boxd.it/E9IU
2025-09-02,Caught Stealing,2025,https://boxd.it/LnyS
2025-09-04,C'mon C'mon,2021,https://boxd.it/nrI0
2025-09-06,Flight,2012,https://boxd.it/35Ca
2025-09-15,Mud,2012,https://boxd.it/3wPA
2025-09-20,Snowden,2016,https://boxd.it/9CWO
2025-09-24,One Battle After Another,2025,https://boxd.it/DUHM
2025-09-25,Relay,2024,https://boxd.it/Faee
2025-09-27,The Fantastic 4: First Steps,2025,https://boxd.it/mP6C
2025-09-29,Weapons,2025,https://boxd.it/EMTM
2025-10-05,Tron,1982,https://boxd.it/2b9w
2025-10-07,TRON: Legacy,2010,https://boxd.it/1Dlo
2025-10-07,Sirāt,2025,https://boxd.it/HxJo
2025-10-09,TRON: Ares,2025,https://boxd.it/jqdM
2025-10-16,Annabelle,2014,https://boxd.it/7l84
2025-10-19,The Conjuring 2,2016,https://boxd.it/7GJg
2025-10-20,Annabelle: Creation,2017,https://boxd.it/dSxe
2025-10-21,The Nun,2018,https://boxd.it/fBkw
2025-10-22,The Curse of La Llorona,2019,https://boxd.it/hg0E
2025-11-12,War of the Worlds,2005,https://boxd.it/2bde
2025-11-15,Frankenstein,2025,https://boxd.it/Ecsg
2025-11-19,Beautiful Boy,2018,https://boxd.it/g76Q
2025-11-20,Le Samouraï,1967,https://boxd.it/22ZI
2025-11-22,"Three Billboards Outside Ebbing, Missouri",2017,https://boxd.it/ceBS
2025-11-25,Lady Vengeance,2005,https://boxd.it/248G
2025-11-29,Bugonia,2025,https://boxd.it/qeWY
2025-12-12,Train,2008,https://boxd.it/1Bbw
2025-12-13,Train Dreams,2025,https://boxd.it/LdDo
2025-12-13,Eddington,2025,https://boxd.it/o6MC
2025-12-15,Phantom Thread,2017,https://boxd.it/e4uc
2025-12-31,Gone Baby Gone,2007,https://boxd.it/23R6
2025-12-31,The King of Comedy,1982,https://boxd.it/2aJS
2026-01-03,Ali,2001,https://boxd.it/205e
2026-01-29,Dumb Money,2023,https://boxd.it/tNdU
2026-01-29,Wake Up Dead Man,2025,https://boxd.it/uAKS
2026-02-07,The King,2019,https://boxd.it/ieZs
2026-02-08,Monsieur Aznavour,2024,https://boxd.it/BSGI
2026-02-09,The Mauritanian,2021,https://boxd.it/nWiM
2026-02-11,Alpha,2025,https://boxd.it/N008
2026-02-13,Marty Supreme,2025,https://boxd.it/Off0
2026-02-13,Black Dog,2024,https://boxd.it/Lzqm
2026-02-14,Law Abiding Citizen,2009,https://boxd.it/1A2I
2026-02-16,Hell or High Water,2016,https://boxd.it/bfGM
2026-02-27,No Other Choice,2025,https://boxd.it/nKiA
2026-03-02,28 Years Later: The Bone Temple,2026,https://boxd.it/MwlA
2026-03-03,Steve,2025,https://boxd.it/LekC
2026-03-05,Titane,2021,https://boxd.it/nlQC
2026-03-11,Black Bag,2025,https://boxd.it/KRbM
2026-03-22,The Hangover,2009,https://boxd.it/1GjK
2026-03-23,The Hangover Part II,2011,https://boxd.it/PZI
2026-04-01,The Power of the Dog,2021,https://boxd.it/m99E
2026-04-04,Sentimental Value,2025,https://boxd.it/GwcG
2026-04-07,The Hangover Part III,2013,https://boxd.it/3GNY
2026-04-07,The Secret Agent,2025,https://boxd.it/KkUE
2026-04-08,Project Hail Mary,2026,https://boxd.it/pEeQ
2026-05-12,Blink Twice,2024,https://boxd.it/vIOg
2026-05-14,Transformers,2007,https://boxd.it/280c
2026-05-16,Transformers: Revenge of the Fallen,2009,https://boxd.it/20gG
2026-05-16,Transformers: Dark of the Moon,2011,https://boxd.it/16aC
2026-05-18,Transformers: Age of Extinction,2014,https://boxd.it/3d1m
2026-05-18,Transformers: The Last Knight,2017,https://boxd.it/b8xo
